0.23008512,0.21148273,0.39229113,0.13238996,0.23362684,0.26109472,0.39824232,0.4834371,0.24746758,0.33978885,401.31314,672.9655,366.1725,527.8739,465.05606,491.00983,397.7947,347.86682,660.3235,367.1274,211.74982,303.6098,151.01842,188.97488,621.754,349.78687,645.2805,649.8325,597.5778,377.4991,569.47235,120.89118,416.98267,197.15002,484.76514,146.7273,177.9487,212.14275,308.1482,107.42298,9.538384,10.593969,12.424854,14.274321,18.48669,9.898593,10.290261,86.69665,20.831333,23.467012,17.866995,31.08503,16.650126,20.008945,547.5154,16.393684,43.39157,22.99029,636.7268,19.424194,83.88815,70.88343,122.845764,82.866974,201.29321,55.135967,203.54216,124.02393,136.64291,176.1364,553.6872,471.31998,962.14197,979.93427,949.7683,888.557,744.3924,243.42378,676.67114,882.23236,367.65305,4.4099946,163.53279,386.59494,5.842539,20.926205,65.61043,91.58418,6.4647636,6.6455545,127.80222,71.28861,456.35184,290.9583,444.71225,172.98718,289.43817,301.32935,571.1337,358.72043
0.20622069,0.43249255,0.39401522,0.30454206,0.20040008,0.47194487,0.51544327,0.84041977,0.4971622,0.5954658,401.68585,672.7623,366.7749,528.7655,464.57227,490.36917,398.42645,348.3551,660.43024,366.89304,216.06654,309.37625,154.36734,193.24887,624.89154,354.3824,650.2805,654.11774,598.2424,383.76566,567.2872,123.11724,418.05237,199.5845,484.4329,146.89285,178.68304,213.6872,308.898,108.22914,9.62684,11.108083,13.107064,15.051932,19.119837,9.921111,10.442205,90.867676,22.030403,24.981258,18.13243,32.68301,17.001637,20.586185,555.6433,16.67446,45.590904,24.163294,636.79486,20.260803,85.69012,72.27646,125.11774,84.97247,205.41895,55.93019,208.37497,127.19389,140.59264,179.74825,554.6214,470.8987,962.6644,980.92346,950.0518,888.37726,744.17883,241.98273,676.60016,882.50085,370.74796,4.6135764,164.79524,386.82227,6.0240555,21.506287,66.1172,92.40935,7.1610312,7.355722,128.95332,71.93739,461.02103,295.98468,450.8118,177.54086,295.32263,306.33282,580.3873,366.27805
0.038751423,0.43330494,0.24478655,0.50002456,0.033944875,0.7029248,0.21711251,0.968711,0.6309369,0.66711104,401.4646,672.7548,366.52988,529.3752,464.75653,491.21313,398.27957,348.6852,660.6526,367.5224,220.05077,314.43976,158.60008,198.0521,623.8276,358.88547,654.3342,657.72455,598.5436,389.22,569.3209,122.21111,414.48264,196.794,484.30823,147.5732,181.29344,216.57478,311.5316,109.339554,9.469596,11.383216,13.525592,15.995965,19.660938,9.766587,10.248341,89.93104,22.723867,24.663776,17.755844,33.528393,17.104448,20.954302,556.50134,16.48786,46.38821,24.573324,636.7268,20.458946,88.12285,74.393745,128.30177,86.329926,210.2803,56.654617,210.11212,128.80675,142.31917,183.88512,555.18744,470.91214,963.0243,979.7225,950.5086,887.39417,744.8847,241.85988,676.3291,883.5706,372.50027,4.616046,166.48746,388.55014,6.457476,22.293755,66.973885,92.68948,7.2907467,7.597839,130.63284,73.531235,469.09732,300.70657,456.39877,175.87407,297.80362,310.84613,584.294,365.61063
0.36323398,0.16503687,0.43759018,0.06613059,0.34486902,0.18389387,0.39203098,0.35438976,0.17432092,0.22207713,401.32828,672.1587,365.88165,528.58636,465.07977,490.9044,397.3997,348.1061,659.3891,367.1278,208.44727,299.0083,148.38307,185.88649,622.60315,346.0877,641.692,643.7153,596.9937,372.45932,567.32996,120.08637,416.69177,195.9595,483.11517,145.10857,177.10597,210.8159,306.57712,106.89434,9.570332,10.285723,12.085693,13.678289,17.849718,9.823142,10.209368,84.93925,19.867218,22.955055,17.765865,30.358278,16.52814,19.783798,543.90027,16.346653,42.43248,22.477383,636.6913,19.074635,82.32006,69.79678,120.69353,81.34369,198.0545,54.56851,200.54942,121.89758,134.85483,173.01718,555.10767,470.0545,962.3883,979.62854,947.9661,886.1604,744.1655,246.22073,676.79706,882.7812,365.05154,4.39466,161.96823,387.01953,5.6282673,20.56894,65.167046,91.25772,6.247198,6.478224,127.050705,70.70709,452.06586,287.03787,440.07782,170.99794,286.5449,297.4796,566.72375,355.55
0.66448355,0.14868343,0.5869877,0.07382802,0.6415556,0.11676491,0.5024432,0.15507528,0.08511263,0.096023664,400.7784,673.31665,366.12567,526.9878,464.93564,491.16223,397.7326,347.55948,659.69824,367.4623,201.75423,290.84924,142.8179,179.28255,621.0797,339.29016,633.7397,635.2866,596.55493,363.36264,567.04694,117.0647,414.38025,192.05336,484.0976,143.40663,174.12685,207.80727,307.27036,105.49892,9.695952,9.779597,11.293166,12.968119,17.560566,9.944515,10.028548,80.28143,18.447664,21.737343,17.50958,28.47208,16.285542,19.114893,536.71704,16.286318,39.822414,21.264273,636.77295,18.286358,79.65664,68.02658,117.06021,78.371735,191.88359,53.482197,193.84991,117.323845,130.05556,167.57195,554.7754,470.42523,963.41364,978.39624,949.11633,886.2367,744.41724,247.75124,676.46967,882.7377,361.15433,4.278172,159.76685,386.39954,5.320517,20.027151,63.978226,89.814896,5.6252303,5.941922,124.41386,70.18291,442.34702,279.48605,430.54016,165.45679,278.8524,289.81073,555.2713,346.05203
0.5648867,0.3550453,0.8162561,0.19846776,0.49808782,0.29041463,0.66241556,0.60496503,0.37360942,0.47354433,400.63937,672.1564,365.4077,528.0675,464.71463,492.07892,397.37674,347.17868,659.81836,366.964,209.50577,300.80045,148.04828,186.108,620.09216,348.46472,642.1565,646.63544,597.7126,374.4752,568.71124,120.797356,420.60196,195.39803,487.9439,147.57806,178.21202,211.65988,306.82678,107.44232,9.917196,10.600228,12.383828,13.871412,18.465765,10.231947,10.465462,86.186104,20.672546,23.69319,18.353956,30.826466,16.759197,20.325512,547.2415,16.48422,42.978935,22.851877,636.91016,19.398783,82.64485,69.34093,121.23407,82.11662,198.13025,54.952366,201.82446,122.97999,134.81223,173.62466,554.74646,471.71777,963.24664,979.8734,946.7852,886.24115,743.979,247.126,677.78284,883.7568,365.51773,4.644017,162.5754,386.45227,5.7964735,20.646498,65.58464,91.70715,6.2084136,6.592768,127.0936,70.220116,451.1049,288.32983,441.48282,172.48854,287.56012,298.7305,568.5161,355.8328
0.3651506,0.13206166,0.4130837,0.30043063,0.3286635,0.4691929,0.22244151,0.44837394,0.32950184,0.24093232,401.55026,674.98804,366.55014,529.0104,465.26816,491.2597,395.98233,347.61765,660.5699,368.6035,209.28479,300.7507,150.78474,187.88313,624.20135,348.36688,641.28705,643.14856,597.5145,373.89935,566.1306,119.40831,413.16418,194.26627,486.31134,143.90303,177.58133,211.87308,310.54492,106.89324,9.533172,10.33313,12.170117,14.459662,18.232586,9.657963,10.053968,83.4664,20.096989,22.665798,17.267876,30.354492,16.520386,19.679619,543.5196,16.243248,42.224163,22.378075,636.8736,18.965158,83.29135,71.146904,121.778244,81.49797,200.22186,54.666466,199.91135,121.67891,134.98785,174.64478,553.65955,470.2588,960.7955,979.40216,950.7564,883.63727,744.7485,246.33907,678.1938,885.9865,364.58307,4.4310427,162.20401,386.79233,5.833571,21.077904,65.1281,91.21796,6.3388767,6.5906076,127.02338,71.98021,456.03372,288.23096,441.14316,168.68845,285.93658,298.4226,566.06256,354.45462
1.014125,0.2855292,0.6596551,0.31111556,1.0549365,0.42919934,0.67039484,0.06644938,0.15651737,0.103764765,400.92062,671.6804,364.9538,525.9939,465.01447,490.83044,398.36752,347.06094,658.5012,366.25845,194.67288,283.31348,140.51775,174.91084,622.1932,331.9399,623.1414,625.2754,596.67224,354.67773,568.7726,115.80975,407.79385,189.16483,481.43344,139.51176,171.04163,205.7404,311.69934,104.24041,9.931194,9.416259,10.462612,13.109458,17.269823,10.018178,10.100076,76.011086,17.178259,20.958618,17.054338,26.443552,16.111593,18.37437,531.3884,16.467907,36.99955,20.027645,636.94476,17.495213,77.16258,67.06844,112.94622,75.63725,186.94838,52.357395,187.24158,112.792046,125.7996,162.62971,554.5393,470.3711,964.7086,978.17267,946.2537,886.9161,742.8335,245.58704,675.7283,880.8481,357.88574,4.294512,158.08519,386.53387,4.981714,19.535566,62.665024,88.213234,5.207237,5.421925,121.80589,70.12617,437.7968,272.11774,420.49854,159.69174,270.69525,281.97473,543.40045,339.43765
0.115296856,0.34484863,0.28668553,0.22623193,0.14116533,0.3374187,0.35905722,0.6771171,0.34428453,0.48653364,402.37143,671.95593,365.9151,529.6657,465.05273,490.67133,398.1544,348.3963,660.4819,366.58347,215.57237,308.52365,153.65308,192.40521,621.25714,353.4809,650.9441,655.39825,598.0197,383.04065,567.87854,121.64206,417.48477,197.63284,481.8325,147.41983,179.76228,214.87277,308.59274,108.21885,9.503709,10.977147,12.927369,14.856736,19.12982,9.92662,10.377494,89.00056,21.747995,24.344225,17.999792,32.351307,16.876646,20.583015,553.4378,16.489468,45.099876,23.881771,636.7547,20.017973,85.66504,72.081726,125.25583,84.55597,204.89294,55.871197,207.07138,126.50296,139.60776,179.34099,553.729,470.4205,962.2434,981.7427,948.55835,887.9035,743.4756,240.53015,677.33997,881.8057,370.23013,4.4906955,165.05594,387.85394,5.996914,21.554562,65.93255,92.51329,6.8489084,7.132611,129.02922,71.96059,461.39566,295.36505,450.1519,175.23994,294.12085,305.75455,578.5583,362.8481
0.6441542,0.12710555,0.5051495,0.2605952,0.62935466,0.42097738,0.34944215,0.2175461,0.20763338,0.09167444,400.69415,674.5009,365.8964,526.49554,464.7489,491.20325,397.56998,347.0216,660.967,367.88623,201.80403,291.4161,145.76256,181.82184,622.59076,340.15768,631.4541,634.52563,596.7528,363.51196,568.28503,116.93994,411.29388,189.62459,484.8039,141.71773,174.06894,207.45567,310.6901,105.58199,9.644669,9.748516,11.24504,13.751917,17.567204,9.787003,9.944937,78.25868,18.390314,21.033718,16.968472,28.2801,16.254648,18.96306,534.77405,16.169512,39.29828,21.047382,636.7853,18.105429,80.23898,69.17752,117.45298,78.249466,193.59154,53.43098,192.74097,116.76659,129.38414,168.52704,554.1215,471.02228,963.4541,977.65894,950.20703,885.3388,745.229,247.4399,676.48303,883.6724,360.60992,4.2498426,160.49078,386.2449,5.43176,20.262136,64.06084,89.34492,5.659147,5.8347673,124.44942,71.23031,447.5723,279.9338,430.53833,162.97417,277.41696,289.91025,553.48444,344.296
467.64578,466.9966,467.15494,467.19528,467.50513,467.2319,468.03287,467.0552,467.05753,466.95007,595.7456,723.0693,594.94104,713.9126,600.15076,432.87106,661.42346,647.8498,924.486,565.4285,572.8869,658.5927,528.06934,558.8595,785.4337,688.4894,808.99146,847.72723,778.88983,714.2263,720.19824,474.62292,740.465,536.3585,562.60596,489.74564,524.94006,525.25073,645.6,459.73694,441.62564,440.38272,440.5274,446.2478,451.40662,441.96066,443.7135,500.6552,450.21054,454.3432,435.58368,442.8947,434.8992,436.48367,901.6156,435.45932,451.78543,438.8044,805.4512,435.97586,456.05313,446.76694,484.3095,455.36362,548.199,434.25717,549.6873,485.9586,495.0994,529.1863,860.28296,801.88257,1155.1307,1089.5,1218.1814,1018.12476,884.6216,630.13873,835.7422,991.72504,745.82275,446.46786,575.8478,703.96246,446.28302,458.6911,460.1957,440.94626,446.39273,447.05435,472.70438,439.19815,678.9542,612.8209,734.4133,515.46405,606.8086,618.90173,832.8915,666.1938
643.10095,644.9105,640.62006,642.9304,644.6452,642.2005,641.8983,641.90686,642.0356,644.00336,877.8377,442.13058,636.8468,940.20294,736.2179,708.4333,775.32855,791.2019,444.88052,585.14777,751.29315,818.8607,705.8668,728.94226,797.5438,796.6025,803.055,835.3198,834.58453,871.26514,762.5162,649.4978,879.55396,705.58014,742.67706,673.7257,689.636,690.6575,785.79004,638.8641,616.87524,618.9283,618.89703,620.66187,623.3795,617.6136,620.34985,677.96344,623.4983,629.9952,613.8943,622.7827,612.0508,614.8012,999.345,612.5608,629.8911,615.1836,803.43945,612.35834,635.09937,625.63074,664.09534,636.64435,725.1063,614.3846,728.19257,667.2226,676.359,705.8078,875.13104,677.7795,835.7005,760.7076,321.33035,922.40204,661.3519,766.59265,932.81714,676.9317,828.48724,625.5998,541.3287,715.5342,624.4561,623.4212,595.41565,698.47766,624.9548,625.26984,649.27844,615.86035,728.602,785.8883,874.10345,695.7061,784.38403,794.3177,801.92926,735.21246
255.6598,255.665,254.80765,255.64468,255.88303,255.27348,255.63722,254.47368,254.74611,255.21342,555.9625,615.89044,327.6917,537.6412,479.31497,514.60406,513.551,421.3166,626.1169,226.95723,365.42267,458.01996,319.30328,351.67032,626.0532,496.33176,653.42957,686.6662,613.86145,519.8261,542.7214,261.9597,533.7774,326.07297,466.47998,280.23886,313.5451,342.74213,449.24088,248.0331,229.71432,228.62805,227.07071,235.07443,241.20334,231.17677,231.6554,291.3244,238.1614,244.64896,223.30182,229.79892,222.85036,223.94676,730.1897,223.39572,237.55756,225.34332,629.509,223.45996,243.28653,234.47238,272.02173,243.41466,339.72873,221.17926,341.61664,275.26233,283.18958,320.5786,716.55646,623.719,1038.0259,908.3349,918.4207,914.44025,708.3559,429.71124,854.3523,823.47723,548.9212,234.86531,372.5455,485.54343,233.17168,247.80373,276.30252,309.04257,234.04268,234.50783,260.29666,226.37767,504.21194,407.99423,535.9939,305.26514,399.83472,413.93323,651.3011,465.2263
376.0825,374.21317,374.57376,374.36902,376.26886,373.589,374.3811,372.2502,373.36026,373.17365,665.43384,754.6983,351.75946,609.05695,382.8598,614.7569,616.38226,614.7091,685.9237,371.44287,516.36523,601.02386,454.17615,495.15012,701.3001,621.5278,720.5915,760.9251,678.1278,665.1212,633.992,380.05115,600.85297,438.56287,589.5763,404.70712,427.78226,453.77005,510.73965,373.98105,347.1769,344.55215,344.52847,347.3555,350.46692,347.07758,347.0099,421.4825,349.84796,355.0251,342.1396,348.93216,340.71588,342.2437,773.98096,342.02594,361.03482,342.3098,720.292,340.1442,367.43137,359.07065,411.2038,366.56702,486.10464,338.45953,486.92535,411.80112,421.53778,469.37787,840.29926,616.6383,1066.7825,938.8118,974.826,916.02466,787.65924,586.7974,822.51044,883.59235,627.9617,353.99667,493.30853,658.34644,353.05215,364.8225,403.27063,426.0532,352.13214,353.4551,388.51913,348.75488,587.4812,565.85333,692.12445,445.7396,548.94507,568.6259,746.9679,601.193
382.40677,382.8132,382.0465,382.76755,382.62396,382.7636,382.42847,382.2114,382.4602,382.89313,654.30115,666.31226,537.7044,784.27936,624.369,440.20807,533.4968,628.20404,627.7221,436.37234,511.57236,594.47894,461.92905,493.04282,702.80695,620.8739,723.6016,764.33374,697.2581,654.9308,637.3689,391.16663,648.2786,457.28116,541.58936,412.49554,439.56653,472.45297,556.71155,377.78796,357.31046,357.29047,358.29022,361.64294,364.51056,355.81732,357.4925,423.8485,365.69824,368.88727,351.82507,363.7481,350.73386,353.75336,820.7138,350.75327,374.1496,355.91516,721.97064,353.21237,379.53732,368.60416,412.80267,378.464,483.67715,352.76852,484.78998,414.2687,424.45074,460.9919,810.6396,365.99033,947.8967,932.36865,893.94934,867.48584,744.2557,556.43085,697.7791,944.62006,561.6383,362.77646,378.94208,639.02795,364.1441,378.09955,397.91425,440.5761,364.54544,364.6431,401.21753,358.39975,599.35895,551.818,685.74884,445.27908,548.31415,560.39667,748.75055,605.5241
559.8745,561.548,559.27856,559.3576,560.03784,559.59503,560.24176,559.5389,559.28577,560.5908,824.07904,692.5599,463.94302,671.7886,524.0962,459.45813,777.1559,589.69415,676.0125,436.65442,676.10596,749.99536,626.69336,656.0133,812.5263,769.37115,830.4233,872.7617,814.35583,805.82837,760.22925,564.63257,808.502,626.1414,682.82806,588.12274,614.1495,640.84064,712.83734,554.6503,533.20325,534.7346,534.83264,536.7327,540.6635,534.434,534.9889,596.66516,541.6382,544.84705,529.8681,540.73175,528.78705,531.55176,963.49756,528.67523,550.1899,534.09705,836.02057,530.9886,553.4531,543.03534,584.17993,553.3351,647.71173,529.48334,651.5154,586.06934,597.2378,627.8954,906.3318,602.9465,990.3321,955.99274,906.7636,921.5867,725.15063,720.41486,878.13574,822.4371,790.52924,540.44617,589.0425,742.2717,540.55096,492.89777,592.34357,613.90216,542.1398,542.043,574.8508,534.12695,730.01135,712.1703,837.28455,616.35974,714.1946,721.154,854.43976,742.48395
249.27646,249.33069,248.241,249.53781,249.56862,248.25699,248.5206,247.8531,248.27864,248.71004,541.51154,614.6127,205.95229,667.2944,461.3465,635.1903,529.11615,498.966,550.7935,209.82132,354.14825,446.00906,309.20807,338.78683,654.64655,486.45715,685.8152,709.05396,635.3221,508.2139,569.5278,254.36955,524.23566,319.5589,505.45242,270.17657,304.2518,337.0521,441.82657,239.43431,224.07748,221.94807,219.71443,228.11862,234.58289,224.49753,225.6087,283.09564,230.26775,238.4586,217.013,221.9921,215.93852,217.04913,725.1293,216.69852,229.20595,217.31828,670.0466,215.67828,234.13457,226.35912,262.50293,234.12575,327.92856,213.80295,329.29877,265.33356,273.71725,308.67236,740.7698,542.3984,981.2101,988.7084,847.2131,995.04974,639.6426,431.04547,857.1268,863.3774,546.3476,228.82968,367.7744,580.14215,225.98872,240.83722,277.06992,301.36642,225.90468,227.59131,253.23528,218.68594,516.37555,395.37463,522.44714,295.77817,388.72476,401.26273,640.28375,455.05997
263.0072,262.54364,262.50037,262.2926,263.255,262.214,263.6057,261.92957,261.73447,262.26523,564.3358,647.86957,407.4928,507.29675,504.86914,561.15063,521.1149,294.09515,724.1338,421.8498,368.1834,459.4607,323.05118,354.21042,616.2453,494.75635,638.6766,671.05133,603.1557,519.8557,536.2917,268.78546,540.59955,330.41718,461.66168,286.84412,321.1392,350.58078,451.7267,254.29701,236.83493,235.38689,234.37617,241.36002,247.4362,238.304,238.13577,297.94278,244.84763,251.43646,230.702,236.00645,229.88054,231.02464,728.46094,230.8376,244.19746,232.16,622.7353,230.75352,248.52704,240.0247,276.36325,248.95705,342.85617,227.94936,345.9537,280.44565,289.27988,324.10202,623.95795,617.41614,857.89624,889.6315,1014.24274,923.1815,777.5628,435.36224,854.2105,750.32245,524.11566,241.60187,361.01614,491.75696,240.27803,253.78143,282.08795,315.93802,241.21834,241.89528,267.76083,232.32608,499.06723,410.1944,537.16614,311.48547,403.38647,416.3279,651.1618,471.3521
634.5946,634.3434,632.7234,634.6653,636.1165,633.1879,635.917,633.2953,633.1354,634.92084,895.1317,584.2934,673.7299,681.37195,743.6626,500.2536,836.5071,556.0399,494.7246,589.4368,723.3478,792.94635,689.90234,709.0286,797.8179,794.0729,806.76306,846.169,813.84686,839.6196,749.39954,633.70044,862.54736,692.5399,667.24713,647.2036,681.7476,691.4952,789.1979,623.60144,608.88385,608.6052,607.903,611.7808,614.9834,610.3646,610.96466,654.2682,612.1539,616.84204,603.90656,609.547,602.4236,603.6,1001.34875,603.7365,615.6612,606.2245,811.618,604.6752,620.49054,613.28625,645.4943,620.53314,704.7877,601.63824,704.6957,646.28564,655.2952,685.2817,802.4718,656.96857,830.4457,905.5382,612.92346,938.02704,672.31757,768.8233,696.6231,662.1098,869.5779,613.26984,635.36865,556.5106,614.7338,627.5143,632.30927,682.3227,616.1315,614.88824,636.60547,607.83453,742.287,758.82214,870.22327,671.9106,754.931,765.50104,821.1189,740.0699
315.46686,315.74884,314.47507,316.21432,315.72345,315.15778,314.99115,314.8652,315.10214,315.71246,612.78046,600.34,245.74657,729.017,464.56107,498.00064,573.2187,564.27026,626.29407,206.40575,439.48242,526.3908,389.94928,421.7456,678.52924,561.1496,704.49896,741.3832,666.63055,587.80237,603.9253,324.8728,599.8415,391.74088,546.3209,344.45236,377.63834,406.15018,504.5834,310.85876,289.5502,289.51337,289.547,294.6946,299.36588,290.46378,292.20026,355.14093,299.4028,303.027,284.43964,294.1042,283.61646,285.89676,771.3213,283.69568,303.22202,286.84406,693.25903,284.19104,309.22476,298.79108,341.38733,308.78833,410.87436,284.47513,411.46396,343.52972,352.63852,389.8044,814.04803,630.8486,934.6303,1018.4106,818.9291,900.9922,590.85126,496.6375,883.9457,855.06384,618.0117,295.7433,427.1775,585.75836,295.38458,309.46823,249.53992,372.52127,295.59174,296.15295,329.5665,288.98087,558.0668,480.12985,613.451,373.59317,474.51456,487.91977,722.0728,537.0801
150.21202,140.92085,142.57266,144.81726,150.27019,145.1462,142.79987,136.32587,141.12036,137.48543,456.99957,728.5882,418.4864,589.7199,529.36487,551.0869,456.2161,396,705.3748,428.15793,74.52612,141.50237,117.60229,109.3258,349.5271,202.42119,321.9669,340.97348,460.02103,176.23729,309.8015,118.03127,107.78165,183.58067,333.31427,79.36046,149.38446,195.17873,297.09827,117.9635,127.660095,105.93692,96.26441,114.404144,112.53293,120.84258,127.65641,61.22329,85.595375,101.93444,98.98622,69.401566,109.39119,92.97967,430.067,117.13218,57.997334,83.94853,647.89856,93.60081,72.45235,107.44795,69.12584,59.078823,99.13976,87.449425,56.561363,44.841633,71.03579,81.53619,643.68585,587.77673,1051.9021,1041.9824,1025.4587,956.9571,836.4472,345.3942,777.09155,969.96094,336.68796,122.045654,211.56625,464.02414,113.75039,124.01485,141.30725,157.1729,112.62977,112.07423,91.89508,127.69337,297.91675,107.74119,177.27693,45.146862,93.02851,104.96874,255.04507,164.67302
307.36154,288.36725,298.24408,289.00565,307.52884,289.18307,297.6586,278.62668,285.5149,282.14734,591.489,835.74615,549.7753,727.64545,658.9245,677.0554,585.8978,529.7356,809.3229,559.2659,39.048115,5.127021,122.07261,76.34126,133.5203,72.84655,114.97272,92.29499,306.64517,12.934176,331.06027,231.94191,219.36255,259.40417,344.97476,207.39267,249.27016,269.90762,218.14917,232.8742,285.21127,238.56862,227.17879,226.63423,224.50626,273.64703,287.14984,101.19502,182.31027,208.99573,255.18974,172.10356,253.42618,232.27884,234.38277,266.63983,147.58551,203.05162,630.19196,224.4884,129.77716,180.21854,96.6029,126.275665,51.809185,208.5912,43.99428,80.896194,101.48077,46.748405,756.168,710.32715,1140.5905,1120.1047,1095.1439,1045.7108,936.68207,602.1077,895.8719,1043.2383,357.52875,271.49826,284.0389,561.79376,257.89398,248.85068,272.1738,288.55673,248.46565,246.34985,217.73134,236.40112,160.05032,29.321014,59.51256,106.66063,62.195713,34.965557,91.49566,128.9136
124.31895,116.60056,121.31168,116.476166,124.356544,118.08013,122.09306,113.58344,115.92145,114.11738,438.30582,704.63934,398.7286,571.66785,510.3417,532.3335,432.10687,380.5421,688.2232,406.50247,83.98618,157.73477,130.56924,113.36167,357.6954,222.29857,366.02832,392.52884,470.77536,199.25845,487.5994,162.57959,332.06357,180.16527,336.74658,115.68067,132.38957,177.21463,257.02637,94.68928,102.58914,84.410835,76.6629,87.05373,83.934525,98.36459,102.628395,88.449005,72.97161,85.817635,89.93376,58.020134,86.826294,80.74329,493.15112,93.37316,55.068207,69.019714,645.9202,76.29914,48.25996,60.400166,46.72363,57.621998,83.33781,70.03207,93.358345,61.858345,57.504166,66.67512,637.86255,559.4024,1033.0078,1039.8418,1012.79156,940.5581,814.927,329.0795,756.8482,941.78296,349.36633,99.732666,195.8136,445.6393,88.28432,93.81615,124.72226,147.77686,88.20422,83.98498,82.43258,77.423416,304.53516,124.30472,205.65726,105.84837,126.87298,122.77042,322.31152,245.08801
199.62964,185.4641,192.08107,186.72147,199.58257,187.09157,192.17651,178.41075,183.82811,180.67429,495.48242,764.03503,456.74603,640.89343,567.8288,591.46454,490.43573,433.3271,739.83966,466.73483,20.203978,51.707962,84.52838,51.872875,232.26003,124.00757,195.45142,202.1538,448.32117,72.51222,321.58243,164.28592,177.87929,181.68541,315.10767,121.63841,156.28452,192.51404,194.80145,137.82393,181.09846,143.30757,131.09406,143.23352,148.05797,171.30556,183.93057,76.86154,110.530365,140.7244,151.20578,90.67128,151.78221,131.77815,323.47003,163.39484,74.1282,114.25619,689.885,129.94017,65.7786,101.43791,42.641453,64.76491,33.12312,116.96946,31.683565,37.00087,56.15164,27.166958,675.7085,622.4207,1078.1667,1064.978,1050.8612,985.5776,864.75464,430.60114,811.27234,991.29144,320.4599,167.44662,218.19342,487.99344,152.78831,153.28427,173.40726,191.3717,149.96588,149.06807,111.05244,142.96825,173.3085,37.56746,80.913734,72.98623,48.897083,35.570023,156.00311,142.55466
541.27924,535.1742,537.21783,540.9904,540.9635,543.6569,535.7085,535.9533,538.9036,533.78613,694.9277,791.0387,646.1496,728.5254,694.88525,737.96265,649.2567,641.3534,799.4912,621.1674,188.48114,137.58224,299.0802,233.82425,44.602345,155.67241,40.47309,42.782593,109.25336,104.07268,156.46172,444.62747,226.51453,411.42166,232.00209,351.59476,407.90802,363.6853,447.44852,433.46005,524.4095,507.3437,504.74097,521.85455,504.61185,512.75024,522.088,309.89297,486.28125,496.3579,497.76248,456.51932,508.0938,500.16867,401.23422,511.33026,409.95782,487.9145,259.2072,498.26724,396.87015,449.7413,312.20728,392.3549,232.47508,494.1841,230.31223,305.62723,313.6446,240.73671,695.9871,729.2125,1051.1879,1045.1678,1079.6097,974.79236,892.11414,760.0536,888.4494,994.54126,504.75943,521.4017,533.66376,582.4542,516.7376,507.14697,518.5733,519.10724,516.89655,509.8847,453.88425,503.58566,193.53427,162.18742,114.51452,279.34106,182.5283,157.99295,73.3062,207.89168
360.0828,341.8241,351.90045,341.2595,360.2577,342.20792,351.68625,332.6576,338.7445,335.69556,629.7922,821.83954,585.9713,736.1709,682.86145,700.7593,617.7157,568.5832,823.6131,585.6028,98.77931,50.4105,196.48141,141.75089,135.30783,76.79103,129.5234,94.31741,242.32835,57.281036,345.5451,299.58377,320.31763,287.95285,324.60858,281.1517,274.15833,395.47043,286.19415,271.10107,336.11636,292.15207,283.07578,275.31628,272.0316,326.4815,337.85886,159.86443,233.72647,258.1389,311.96954,229.92387,307.98782,289.06903,245.5501,321.288,207.00137,259.65106,522.6284,280.41483,182.59352,220.77873,156.42308,183.03014,106.45793,264.79852,108.54307,141.96513,162.1579,87.68999,740.6962,731.4945,1112.568,1107.2686,1088.8439,1032.3135,932.6385,672.90076,896.42444,1006.95215,407.18854,324.5864,335.22134,567.89764,313.22757,301.03268,329.80206,350.77655,303.78516,300.19916,285.84976,285.773,209.75949,85.79388,119.65775,169.80812,129.48358,93.41459,131.81526,198.16516
641.80316,631.1119,638.47784,625.3249,642.6418,619.0171,640.5969,620.59015,622.727,626.1736,757.59607,815.5221,702.2579,775.20654,746.9054,788.7869,711.196,704.7135,831.3214,671.2187,184.41396,125.548904,309.09293,226.39462,17.89611,155.81819,18.548462,31.366755,110.95497,84.353294,193.53482,499.65375,304.8812,482.06628,288.50067,453.41782,492.72324,435.29404,423.3303,528.54285,620.6239,589.92456,575.3655,567.4723,588.72797,625.0088,626.8066,341.63525,531.5163,562.74805,609.3999,497.5183,598.2093,579.89996,408.26807,604.92737,455.00186,546.0589,258.66718,574.9495,428.76172,499.98395,344.65817,428.7014,233.12605,551.89435,228.72523,331.78262,332.43277,250.8355,726.83356,779.65405,1077.25,1072.8511,1098.9922,1006.58167,927.43787,860.7764,929.12305,1015.1599,543.07336,609.19336,575.0555,606.6944,596.69977,580.1573,589.40497,602.87036,588.1077,588.01373,491.03174,551.2421,170.7327,155.32587,83.52331,306.90607,181.81615,148.66162,52.38492,182.82489
585.8167,569.503,574.4401,576.2454,585.10376,578.1458,570.58356,562.49274,572.2568,563.90247,728.72284,794.71326,672.2105,758.1655,727.22363,768.6727,673.9282,671.0173,811.2215,648.01587,192.42303,110.87055,313.54816,229.71371,45.220562,126.885635,48.815556,28.851755,89.88774,77.59105,204.6913,414.32928,205.153,409.52606,235.32082,401.44772,398.1972,393.21298,443.2962,455.6784,563.5663,521.82404,509.25702,511.65063,505.2812,543.90106,561.791,254.81155,451.79227,460.14856,517.0607,433.9518,535.1227,499.52515,257.60464,545.93225,388.7925,474.88815,266.62122,502.83356,380.96014,451.9477,325.03357,368.54877,227.99336,487.1239,186.9928,282.5055,271.9354,234.19221,712.5637,760.2813,1072.0342,1068.9333,1092.2213,997.92035,915.01666,846.874,917.7015,1009.14276,505.9917,552.08124,526.2541,580.6641,545.003,527.733,537.0924,537.23456,531.03735,524.7213,465.45474,529.91406,219.28972,161.10117,132.75948,241.6672,165.09082,163.18596,54.549274,153.10484
611.2699,604.30286,609.779,599.1526,611.91437,597.80457,611.50903,597.8228,599.32245,601.30237,748.3341,845.0653,693.20996,769.17163,749.5452,781.8345,701.95746,697.2428,839.6943,668.0594,389.81506,234.39859,390.04977,333.98547,67.14164,184.05017,91.71701,52.516685,19.942598,180.72763,172.53181,574.4015,469.6308,516.2635,261.4099,523.25146,489.99762,440.278,479.31464,559.0696,587.8917,570.5385,566.86255,543.43097,545.4586,586.5613,587.76447,500.30682,538.6403,543.2941,588.9144,537.2658,576.5515,567.4559,326.14453,582.1305,526.43146,551.03,128.72488,563.2276,489.49976,501.84146,470.07285,519.69073,384.6533,557.96063,408.58417,502.04416,473.3745,405.74622,763.9214,771.2678,1102.3142,1113.1647,1122.3655,1036.6462,944.51196,943.2445,948.54755,1056.4607,565.62463,588.846,570.8646,577.5759,581.0107,551.8638,584.4194,601.5912,577.77527,567.936,565.711,533.3684,226.26491,316.69937,250.04463,505.77545,378.2441,331.21585,159.4215,284.11172
360.58685,339.95224,351.1153,340.61035,360.6988,340.77896,350.40143,329.5316,337.05527,333.41437,628.6169,865.0779,588.07776,759.5554,690.2738,711.09406,618.5617,564.91016,836.735,596.55646,43.30331,6.672592,134.27162,84.85171,102.60915,78.86055,83.45737,66.89189,266.72293,6.978669,322.11945,276.41812,235.70042,298.67618,347.37756,245.27837,288.98148,302.7873,246.73897,275.26263,339.62903,288.09244,274.33667,275.9058,277.70657,327.39523,342.46115,136.99089,229.66339,260.58072,306.01096,212.71248,303.72977,279.8136,234.8636,318.2629,184.40515,247.97144,564.60376,271.915,161.9726,216.17012,119.85322,162.1291,58.088734,253.52435,59.1753,107.54293,122.50716,60.118286,782.39386,743.968,1153.7926,1134.8917,1121.5288,1065.5605,959.6647,639.77057,919.382,1054.578,373.5553,322.6031,319.29926,577.9405,306.14066,295.2085,313.06403,329.0636,296.3482,294.3666,247.37146,279.06903,137.53342,30.830791,41.838505,133.90797,64.3599,33.80907,69.48345,129.80444
696.7503,696.1346,697.98224,695.84686,695.50714,695.70056,702.397,699.4938,696.64374,696.15424,760.75507,857.6427,706.2046,793.7073,758.1037,799.2793,719.81866,702.44324,867.39844,674.7232,377.61816,348.0887,539.7098,436.10898,145.73503,281.19208,165.15422,146.05937,125.13357,314.5863,231.62111,621.3025,455.66443,511.25342,284.32846,455.79248,434.29782,499.11966,493.22208,495.9007,646.53174,642.45557,637.6316,631.06366,624.4882,651.8862,648.1416,501.28473,600.42615,609.22076,632.67645,573.8022,640.6594,617.12476,560.5556,642.70306,542.6982,604.013,189.25296,626.23016,480.46613,536.5076,414.22968,505.4913,413.05927,587.0679,433.38214,452.43948,471.35522,371.93924,778.4375,841.5454,1150.399,1155.9949,1174.5808,1073.6736,1001.2296,824.26086,976.34296,1067.8364,650.1896,658.82776,656.9422,583.89746,658.26385,629.05505,657.14233,664.2643,662.4389,647.9651,568.24884,567.14844,362.37933,352.38577,346.92426,477.87125,393.81293,349.25906,236.45326,458.10883
124.186066,121.16941,124.979164,118.8497,124.41144,118.86575,125.158806,118.99234,119.464775,120.51079,411.80615,656.0698,355.04556,537.5993,473.03033,498.49768,408.30283,358.6873,620.2123,321.51144,201.66563,268.81094,144.38568,175.79184,496.58585,325.75522,527.31744,559.0643,566.22876,338.1553,458.697,88.831474,440.20877,170.62595,376.6274,117.467766,124.72815,133.9291,197.8824,62.419025,78.73393,72.97971,72.235664,68.940056,74.16378,79.601074,79.41627,140.13673,76.10401,82.91774,71.77379,63.666294,63.793694,64.54231,512.9795,65.831825,72.282,60.316338,652.2424,61.048393,50.73867,40.541805,85.481766,57.28558,144.89803,40.251816,165.2024,93.94728,96.847824,127.246635,655.2074,563.8164,1055.2147,1072.3005,991.42377,979.0609,798.4425,365.72745,772.6414,932.80383,422.86795,90.11887,227.71146,456.48322,87.17605,93.77078,140.6097,169.5428,85.76808,83.58422,85.584785,27.552887,330.38977,217.3365,362.29004,146.35912,224.5318,230.13382,472.33032,297.6823
411.67505,410.1496,408.22397,412.0978,411.60767,411.4709,407.14462,404.6953,410.11334,407.39313,669.3866,880.47034,630.5551,736.7616,712.2552,733.46906,639.63226,583.3808,884.7565,636.5196,217.55762,237.75107,287.4593,243.80284,327.2333,306.75323,307.71512,260.2042,411.77005,256.82983,309.7353,226.09413,77.527695,335.49414,405.09064,212.721,307.3653,399.8665,428.22968,257.3185,355.3518,342.11285,331.44128,337.88217,332.53952,350.80243,345.73502,190.38464,285.32526,301.66928,326.63104,273.00586,346.6857,312.52792,449.04474,354.05026,247.59727,299.4399,536.91125,318.10715,244.32693,305.40695,233.56818,209.56207,228.7125,281.1705,158.6094,166.22202,221.95374,206.85153,849.7482,807.3216,1226.3171,1208.2632,1205.7473,1151.033,1053.1879,649.7186,993.86316,1158.4736,508.79535,377.87808,417.2425,669.4861,373.49765,376.84167,384.62448,392.63736,365.1601,367.24756,289.03775,356.45175,322.66046,197.93144,292.56256,137.7782,203.38287,210.44426,246.08891,260.76126
219.50952,212.958,217.88408,212.70906,219.51176,214.65761,218.18983,208.09734,211.53995,209.86818,491.76657,748.9102,453.26843,603.566,554.4239,573.44324,478.425,438.58255,736.3359,455.79617,185.77742,252.72798,242.05048,182.60513,415.70325,331.73367,426.98816,452.4306,489.46283,310.56888,409.1094,180.05762,402.603,305.6239,342.96393,126.322556,194.02855,193.05196,321.4865,108.253975,168.84793,156.12383,151.88641,146.89304,148.62212,168.92545,166.45888,140.47307,141.17284,142.93022,154.59901,124.69246,151.8473,137.24394,502.92676,158.67549,119.69185,131.36716,602.34827,139.53423,95.24675,107.41019,112.7948,105.97659,157.33421,112.15767,153.05455,113.18725,105.70037,130.88902,708.0939,638.01886,1107.7166,1140.0538,1095.185,1042.2664,888.05237,446.477,842.40594,1038.5056,452.69128,181.63506,280.32144,519.9279,174.72806,170.85014,214.7821,237.52391,172.97548,161.08492,142.92603,115.531815,349.94,198.5581,328.95093,159.63632,197.6457,209.23824,415.2706,312.59665
437.9076,435.62296,436.66934,437.9103,436.7564,435.8916,438.3545,437.29373,438.49408,436.87408,568.5007,728.6994,518.00665,642.71234,590.6955,627.1645,543.19763,514.6171,722.4803,510.76337,297.45734,315.2823,272.9476,256.9468,222.71616,343.8442,252.45653,247.96904,218.45909,331.12637,208.11696,304.3931,401.81976,373.86887,355.83127,297.35132,299.2386,379.64807,343.6598,327.17856,394.2885,391.39133,391.033,391.34128,389.56433,393.90778,394.06152,328.6269,381.76413,384.46265,380.30145,361.2832,380.08942,377.30972,572.0249,380.91705,342.53314,375.46286,286.8093,380.8712,312.3664,340.6484,271.31046,316.92737,275.80798,353.08636,285.32538,288.38733,302.0195,280.29694,684.7506,680.5846,1047.1279,1047.5023,1059.7964,975.84827,873.5424,632.50476,855.009,994.4104,534.5344,403.87466,456.4051,449.58307,403.50363,397.7595,417.55417,427.97034,403.20358,403.86914,352.17883,339.92172,245.82568,276.8477,346.4025,279.60315,292.0783,287.02985,293.28757,340.0945
141.80957,136.86824,140.92276,135.93202,141.85759,134.12947,139.25475,133.73344,134.67041,135.39003,421.0226,690.77466,383.37332,550.4332,489.85684,510.3289,416.24878,361.617,669.0614,388.97668,151.52454,215.88425,93.228775,121.12685,463.1572,260.19064,492.04184,488.1202,509.06738,277.25897,485.286,49.552128,361.4934,89.40127,365.40222,126.17063,132.61896,192.5142,187.13542,58.474655,96.403076,85.92787,83.14867,80.3997,96.54908,97.6795,96.662834,95.32626,82.41409,86.32119,83.75686,67.08177,77.91183,80.05471,495.60724,79.45404,67.734604,68.95677,651.1016,71.91987,50.63531,37.091278,80.48046,48.092884,100.58663,51.628784,106.73803,66.84496,64.056305,90.758156,654.94135,582.28973,1059.5586,1075.2252,1038.0399,981.70416,844.95667,373.21893,782.80005,981.8758,394.91006,103.40403,224.21924,467.88116,101.8598,111.63572,147.15952,176.39642,93.30737,97.33656,87.05327,44.864323,258.13748,162.43419,283.61157,70.661415,159.16533,171.50938,378.13882,181.32329
170.2148,165.24991,167.83157,165.04576,169.98729,165.7679,167.56456,162.60818,164.23795,162.8082,449.59866,705.8056,410.41815,570.4567,510.90796,535.42126,439.83548,393.09723,699.3019,414.744,181.76884,258.67712,161.02638,152.39232,489.7653,280.93307,517.6074,495.06857,498.39316,325.44275,398.91928,102.51755,389.4308,152.17398,410.60635,100.490585,164.07626,264.0719,272.0861,69.05965,122.518295,111.16918,108.79115,104.25882,112.76055,121.36038,121.9678,147.15553,99.55238,124.41817,109.37052,91.88987,105.71085,107.25397,546.5543,113.02992,98.69272,97.338936,666.8234,100.394196,69.32603,64.78354,86.964165,67.373276,141.88925,72.883514,146.0047,85.98866,125.606575,116.11546,675.22284,604.8871,1074.4153,1088.5925,1052.3813,1008.009,866.89435,415.05417,805.5601,1000.58545,440.14273,132.92831,241.18208,489.58728,128.11182,140.18242,173.53099,198.8377,124.07389,132.39206,121.3322,75.39417,347.73178,196.65263,341.06592,123.43458,223.55429,208.05594,495.5389,340.64093
209.12387,203.4211,207.43808,204.09302,209.38326,206.04836,205.12265,200.62274,202.63928,200.83852,481.5273,703.2473,439.7513,599.41724,544.68854,567.93304,468.12906,429.35608,706.2405,450.02667,205.78592,275.2218,208.34517,179.79126,420.59937,291.9384,450.865,475.20065,454.0625,331.27933,480.52805,141.75204,403.03647,224.8906,476.72552,125.93877,185.24388,296.65726,339.3942,110.398926,161.10292,149.4966,146.80923,145.99486,145.50787,160.80513,159.81017,140.41347,139.81844,142.42776,145.83517,126.342514,143.48407,151.21475,524.21765,150.2465,124.87185,130.29492,537.3403,134.85783,106.27052,112.13128,120.987335,107.438934,176.27315,112.22386,153.58871,112.33007,127.18272,149.94434,675.73926,632.0759,1057.0928,1069.3749,1054.6088,983.87976,876.5397,413.60483,827.2551,977.0953,463.40964,171.7766,277.73102,490.4069,169.3941,180.60681,211.28134,233.48793,158.50813,162.04906,158.69789,112.43522,362.19785,217.16234,348.17462,113.81397,217.3967,228.57457,448.4956,349.02612
296.65506,296.06894,294.17322,297.77054,296.67862,297.92667,293.2066,292.91464,296.48395,294.9636,571.53705,798.8927,532.6692,648.9181,617.3772,639.0788,547.4528,505.6813,799.2723,536.42236,175.13837,222.75522,233.07639,219.45567,442.495,302.5972,406.1566,366.32813,594.8222,263.14844,340.90826,156.84071,54.0013,207.53012,347.35736,159.97508,232.37373,311.70325,385.41888,173.16469,241.899,233.10367,224.52678,233.47449,223.11186,238.08914,233.50351,128.2953,188.14227,202.24716,218.02449,176.79628,235.18681,209.0642,412.53842,240.27052,158.75381,196.76857,739.4162,211.57458,154.67455,202.38843,153.2472,124.44632,176.10738,178.96574,119.99929,104.326805,149.94612,148.3314,774.445,713.2969,1156.7611,1154.9535,1135.8494,1087.0457,971.15656,525.5854,905.98627,1094.2285,459.70718,264.46588,328.18066,581.06274,261.5304,267.3584,282.21066,294.15088,254.71846,256.21237,200.28827,240.68234,343.10895,179.13548,292.56244,88.79515,174.18031,183.4837,317.0504,256.6146
105.70889,103.17041,104.49558,103.49453,105.84933,103.268326,104.555504,102.21541,102.980896,102.57573,392.1972,663.20624,355.793,520.7433,456.15936,482.2978,389.71103,334.82056,647.41846,358.64615,166.62033,246.61409,125.7868,161.26154,521.77655,296.97916,530.50336,550.05493,576.6109,310.1703,462.49063,57.916172,282.8239,107.358185,365.91162,86.443726,62.556393,147.98369,210.41302,33.63436,61.479527,55.45322,54.6782,61.079586,64.344345,59.81619,62.303356,109.29191,57.77939,64.19453,45.62847,45.728878,45.56073,42.0189,515.2929,46.81211,51.460056,42.909454,658.23206,43.311882,36.022552,32.97374,66.90719,34.781864,128.45247,22.198734,130.67374,64.17512,73.489876,104.23358,636.93506,552.7893,1041.3643,1052.4585,1025.0461,952.8416,824.8271,329.86224,755.374,955.1191,391.36453,70.65376,212.72073,444.7496,69.66113,80.980896,122.26366,148.06845,70.75029,69.00185,52.01438,25.809845,335.63766,183.87189,319.03653,99.53404,180.29092,193.38307,429.36026,267.34235
9.535186,9.426627,9.579671,9.604627,9.537032,9.870644,9.483202,9.760186,9.569843,9.494332,376.5456,647.09784,341.02716,501.95352,438.9466,464.69104,371.926,322.0903,634.7558,341.66254,196.4434,283.97162,134.03166,172.86095,601.4303,328.68616,627.2366,627.2571,573.19727,358.38937,520.4473,73.217896,355.87607,148.76399,439.06946,99.4941,131.74011,167.42383,255.07811,63.46978,0.24367642,2.0652988,4.487244,4.9378457,7.3525567,0.35885125,0.47201952,74.50296,10.918006,11.534153,2.9516113,17.949389,1.8779199,5.960405,515.28595,1.5668539,30.463898,9.178198,621.43933,5.3489733,53.82196,40.465755,93.52843,51.238033,174.68408,23.374828,172.89615,92.88908,107.54755,147.43286,556.1506,473.728,964.8263,984.05646,952.8016,889.6725,748.6029,254.92989,681.773,887.31494,367.12064,1.5656974,162.44313,385.24277,3.2001784,18.518614,64.81451,90.61472,3.8199754,4.060884,93.87202,33.9269,425.5379,256.676,413.41577,133.13448,255.6855,268.2673,537.61255,320.61914
11.412581,9.978722,10.738187,10.049363,11.422393,10.193694,10.685932,9.483267,9.820865,9.583077,374.44916,646.4914,338.3961,497.26273,438.86166,464.05243,370.99783,320.40204,632.64685,339.99774,160.70525,244.77869,111.66906,143.3428,600.49963,295.3773,579.7959,581.24976,574.02014,314.0864,520.8751,67.91234,345.70618,138.13104,434.7696,90.403076,120.37399,156.1654,255.53217,57.6692,2.5088334,0.0446774,0.7590103,3.1456575,6.903186,2.0797641,2.0597816,59.5411,5.4276743,10.087563,2.349031,8.652036,1.4871321,2.9310634,499.17395,2.240952,18.00928,3.5007699,622.37115,1.7988663,38.960667,31.016502,72.35586,37.28843,142.43642,17.856554,142.37454,71.66547,85.388596,118.47664,557.4718,474.53433,967.0337,981.1474,947.4132,888.2946,747.0414,256.34964,680.4798,884.7773,346.60223,1.9818217,151.0955,381.64542,2.209227,15.998267,58.49504,84.11282,2.1305425,2.2588916,80.22861,30.398705,384.03677,218.16228,362.80853,112.190155,218.43901,227.89056,483.29776,287.27945
12.396959,11.069666,11.972172,11.118302,12.403705,10.822146,11.727299,10.456152,10.741399,10.724564,373.8292,648.256,337.72037,500.09225,439.86414,465.6288,370.6193,319.26498,633.09985,341.02905,160.57585,252.4881,105.43418,140.80406,590.3949,309.51254,583.5878,591.25275,580.1434,321.84833,524.1229,65.51081,358.0575,139.73714,432.5767,95.80783,126.519905,149.82658,249.88133,59.410038,3.392433,1.4941076,1.217414,5.2894897,11.517182,3.4059072,3.707073,61.06411,9.63116,13.564434,3.4982839,9.026892,2.2214298,3.6859775,524.3408,2.7283158,17.85206,4.069862,623.6393,2.396033,40.243694,31.442186,73.48175,39.11923,141.11557,18.793568,142.4841,72.662895,81.82311,121.11773,557.95935,475.56808,966.56415,981.2814,949.5657,889.42224,747.08435,242.50409,680.9548,887.29706,346.182,2.768299,152.29713,383.12637,2.2025337,16.590605,57.095016,82.81806,1.7123786,2.464425,72.87528,29.945076,373.03983,220.33144,361.95172,111.757744,215.06886,228.5888,483.07996,275.54053
16.081106,13.947543,14.76016,14.172715,16.11553,14.474562,14.65966,13.166473,13.860736,13.252997,380.2564,649.5888,344.48233,500.017,443.1193,467.44608,375.87936,326.05045,635.7455,345.26282,156.79396,224.16069,109.74012,137.87848,596.9193,271.88354,558.04535,549.2987,566.2765,292.07703,518.75793,64.65055,306.61685,132.6252,428.98233,84.676704,113.015785,153.10295,242.31406,58.903645,5.980993,2.6418726,4.5415225,2.7853317,3.0596006,4.2928925,5.785174,48.23819,1.7979606,4.4969316,5.4512143,10.585486,5.6198144,5.9675226,443.52524,6.4894385,18.99959,5.9841604,623.49817,4.979363,39.25759,34.378265,71.986824,34.66963,140.05687,20.583256,133.98473,66.622116,85.930824,112.69446,560.3262,477.14816,967.9313,980.5356,945.99585,890.7628,749.8715,281.10117,685.0442,888.7784,343.70605,6.2237334,151.25244,384.18158,7.8518353,20.212769,64.91247,88.87061,7.1423182,6.6859236,86.97814,36.026775,382.74463,207.83229,354.92508,104.75504,213.92143,220.34654,465.7964,276.56863
19.460686,17.692661,18.46804,17.909344,19.502651,18.268753,18.01218,17.156548,17.685997,17.15393,385.28116,654.0405,350.94604,503.22528,447.0821,470.66757,380.6595,331.91312,640.5548,350.71417,173.24918,235.49644,119.66373,149.45313,595.85895,279.6946,570.4834,557.3886,562.6406,305.38968,517.764,63.24187,314.19464,131.81142,428.67758,92.34031,123.27776,157.67285,232.2268,65.62846,8.108414,6.923598,7.573393,4.858029,2.993426,6.872985,6.8423743,48.071342,4.896068,2.8704877,9.485466,13.988762,10.003611,10.187857,419.72867,10.069893,25.004517,8.829315,624.5718,8.142394,46.412273,39.33532,83.15165,42.34578,153.97404,23.835571,143.5776,75.051414,94.9765,125.57203,563.29376,480.73325,969.4255,983.202,950.8996,893.2725,754.1742,296.71182,688.0986,894.27374,354.03995,10.29206,157.94534,386.33203,11.767307,23.755587,65.98851,91.37543,10.1926365,10.092125,89.181755,41.055786,393.49963,223.61049,376.29343,110.86952,229.65887,237.57831,483.14777,281.38757
9.831005,9.756897,9.675466,9.791757,9.929648,9.925905,9.664112,9.8146715,9.728393,9.700043,376.60236,644.0919,341.03772,501.0738,438.72626,462.24554,373.6373,323.50034,631.98413,340.30643,192.2007,277.5407,130.06133,169.33061,600.8219,321.692,624.0291,622.07074,572.62604,351.7998,523.4853,71.03041,354.0979,145.76573,438.1444,98.86677,131.58997,166.19301,253.1523,63.596153,0.5030737,1.8764149,4.1686893,4.454656,6.7892246,0.5884987,0.82347,71.38997,9.642728,10.454034,2.970243,16.837181,1.9905741,5.759462,507.63974,1.8107545,28.804878,8.509993,621.5062,4.9593515,52.2547,39.55595,91.14237,49.266262,170.74622,22.916685,168.59608,90.045456,104.71002,143.69785,559.27924,473.19345,966.72705,983.3144,949.4277,892.5333,746.21063,255.05641,679.5992,886.2393,365.13733,1.7570665,160.53293,383.9831,3.3268552,18.334002,63.87021,89.965004,3.5767703,3.9307156,93.021675,33.701134,420.63272,251.5531,407.30655,129.22458,250.78824,263.23865,529.8222,313.62183
10.137244,9.922197,10.155997,10.022108,10.170758,10.174367,10.138063,9.937558,9.895736,9.813624,378.07956,645.7248,342.73764,500.87396,439.0121,464.124,373.68607,324.58862,634.4833,342.28427,202.7639,292.37256,135.93225,178.68803,604.33215,333.766,639.1427,636.9616,571.7266,368.60248,524.10596,74.14257,350.4502,146.7196,440.3941,102.495346,131.2537,166.55844,245.24646,65.189255,0.3490704,1.9407314,4.0709095,5.2355294,7.045962,0.66151404,0.13837026,79.81146,12.316297,11.960807,3.4037113,20.105732,2.055541,6.688818,512.45056,2.0747364,33.07965,10.140028,621.4738,5.178469,57.78411,41.72286,96.885826,55.60626,181.60927,23.799463,182.00523,99.555176,110.73832,155.02226,558.4923,473.9939,965.33734,984.60156,952.11523,893.09235,748.6162,258.8668,681.4475,886.11975,370.9767,2.0413277,164.66148,384.17334,3.301547,18.725151,64.11231,90.56597,4.0141616,4.312429,93.09438,34.551502,429.30313,266.93747,421.61768,139.95457,260.68283,277.77435,553.2291,326.88818
52.79559,45.739452,49.73063,45.67767,52.846764,45.435337,49.34046,41.99678,44.46587,43.515743,404.90195,675.86273,368.86838,529.8203,471.271,495.86996,402.19693,348.54245,657.91455,371.65955,84.04546,126.5531,59.887897,79.80725,448.6923,189.8193,405.42923,397.14548,565.2666,179.64964,427.87326,67.722725,257.6261,137.74178,364.16983,88.5139,115.92948,126.843315,158.06041,77.16134,42.93675,27.16007,24.80842,21.945637,24.118734,39.33673,42.559624,25.285316,12.4765835,21.243645,35.96437,14.427295,34.245876,27.931265,368.82312,38.45155,13.512214,19.989832,641.995,25.510723,26.061777,36.161034,42.01201,23.494347,72.39564,35.675552,73.408195,34.780968,48.876606,56.892143,579.4695,504.96307,990.2696,993.8379,962.25134,907.44183,767.9027,334.16888,709.23737,904.35016,306.38452,37.669914,147.1728,398.51297,34.61886,40.76653,79.68469,102.10693,30.964773,30.405851,87.65473,53.51341,264.33478,121.87184,237.48737,74.37192,134.4784,132.80785,327.0076,186.20212
26.197338,21.953856,24.250628,21.952242,26.234625,22.20006,24.05606,20.068588,21.411997,20.621622,386.02194,656.8486,350.0202,504.6923,450.5999,475.28665,382.04016,331.0723,641.5145,351.66394,120.17893,176.11475,86.604034,106.41425,535.36816,229.03445,488.49396,480.51962,566.527,237.54149,499.16357,64.814445,285.4975,124.85261,408.92157,83.84104,104.53252,142.18086,203.42445,59.52038,16.162075,7.444256,7.67356,5.382109,6.2048316,13.595669,16.318584,33.907055,0.43859276,6.4965663,13.381469,6.8324165,12.328647,10.510765,405.61032,14.743622,11.571813,6.5899835,628.27747,8.345584,27.31753,28.310202,52.359024,24.318886,105.42031,21.502583,103.495384,47.74957,65.345505,81.91094,565.7477,484.18518,973.28705,982.4097,947.29474,892.93567,753.31476,301.0205,690.3796,890.42834,324.36816,14.158817,144.25452,386.1424,13.689579,23.28474,66.145744,89.79809,11.791464,11.161355,86.465195,37.65746,331.8444,165.60799,299.47543,88.02996,175.91577,177.40932,403.2046,240.44675
24.347872,22.636892,22.657743,23.74608,24.357046,23.995983,22.076338,21.300688,22.756628,21.480173,387.2935,656.9212,352.82288,512.3619,449.9432,476.09827,380.9085,331.99664,642.9914,354.12766,178.42183,246.3062,127.52553,157.62178,584.07294,283.46362,552.3369,535.8182,570.2663,313.1949,509.45715,60.99449,275.36255,124.34941,416.8679,88.38702,126.36191,175.46654,276.38635,67.99742,13.785954,9.588527,9.381527,14.067847,12.615497,11.638417,12.93188,51.84818,10.038994,9.227622,9.97114,14.213061,12.801116,11.44219,438.25934,14.383483,23.264433,10.1134815,627.7647,9.838089,48.06094,46.21774,86.96902,43.367023,161.63731,25.145136,145.74733,76.80852,98.85781,132.6921,566.6885,486.1511,974.39575,982.0662,953.5173,893.2161,759.319,292.84705,692.0313,899.99945,356.03043,14.274048,158.8529,389.8913,14.3918295,27.959148,67.27646,90.30707,12.990385,13.894045,89.15556,49.942863,390.95062,229.11244,380.60922,109.81241,233.4093,242.46208,486.92184,288.88617
18.924572,17.324581,18.26182,17.613052,18.908142,17.77087,18.095854,16.853569,17.264254,16.973413,369.28555,643.70734,333.11993,493.81287,434.52402,460.5789,364.60568,313.99945,628.8016,336.22736,153.9748,242.14864,106.90801,138.67,598.13214,293.51044,570.51337,576.92346,573.9839,310.64563,510.0582,57.03666,331.84674,125.79179,423.8849,78.18313,110.26872,145.54758,245.39555,46.229813,4.1298513,1.3770046,1.4592527,5.6810784,9.331166,3.5881171,3.5761843,60.67098,7.7232,12.6506195,1.3849849,6.651249,0.5626902,1.8515134,509.8819,1.5123837,15.596644,2.029641,622.0744,0.53626484,31.232649,23.442907,63.645588,29.744783,133.11354,10.535076,132.56454,63.12009,75.50644,110.11873,560.9745,479.67172,971.0114,986.43066,954.4773,891.7174,752.37805,255.39626,687.1383,892.1261,347.10645,5.284392,153.511,385.04803,4.8497176,18.958057,60.176422,85.57691,4.7367716,5.096404,67.39646,21.105835,371.52017,206.71555,348.35858,100.46319,204.22484,215.3056,469.179,274.05402
33.879444,29.333334,31.830875,29.82437,33.949608,29.832142,31.59493,27.129272,28.761765,28.038818,376.71994,652.04236,339.5661,501.27173,445.347,470.23846,372.81616,320.71384,634.2808,344.76923,98.81207,176.78714,73.86774,93.58105,517.5412,238.27214,468.81943,483.28464,578.6901,235.14742,490.40915,54.442432,274.02728,114.419685,396.31668,71.266075,93.470116,131.43709,195.81328,46.224583,19.645603,8.867671,5.63795,12.566071,14.495831,17.658014,20.598724,38.087593,7.2956023,14.291072,11.435623,0.080877595,10.301923,7.1216483,468.77722,13.635042,2.620294,2.1640162,629.6051,4.8480167,15.43182,17.475285,35.099823,14.589493,85.514145,11.5893345,84.8138,33.78127,43.4213,68.15012,570.50366,488.82718,979.1175,987.0595,952.4542,896.1144,757.60016,271.59906,693.8668,896.31195,317.7131,16.8549,143.81662,388.76663,13.00253,23.92781,60.062614,83.99617,11.381665,11.530605,51.619484,24.8084,300.24625,145.49858,264.63235,69.56012,142.42598,151.4447,372.29105,214.74098
16.632807,16.425262,16.637789,16.62194,16.600918,17.01921,16.59643,16.809893,16.708366,16.53395,368.4978,642.07306,334.25912,495.26987,432.66733,460.0596,365.1866,315.94058,629.20325,335.95724,184.07745,277.14923,129.88698,164.27449,605.0552,323.89053,612.8814,615.73444,574.5361,350.06567,514.68787,66.43155,354.7823,139.88322,430.1408,86.34339,117.72616,157.8962,257.09232,49.656204,1.9582537,2.5944076,4.166533,7.4111886,10.854632,1.8807685,2.4154005,77.34231,12.691965,15.81814,1.3686073,14.188436,0.6768474,3.4950266,532.4751,0.79791087,26.009912,6.4184585,621.0317,3.0925531,42.824043,31.022243,80.581955,41.84162,160.26263,14.521988,160.1498,81.57582,95.17054,134.11081,562.33453,479.43347,971.3134,986.1503,959.00073,893.5379,753.2674,252.4334,684.9576,892.00055,365.89914,4.6507683,162.80614,386.87994,5.7473426,20.910774,64.982285,90.12318,6.568048,6.6391444,77.69858,23.99013,410.58777,239.33719,391.2686,122.4038,236.91776,249.34763,517.2941,312.08896
19.664131,18.566578,18.721807,19.016256,19.64995,18.952974,18.79632,18.124891,18.537247,18.213673,370.79123,643.07074,334.77032,495.97998,434.975,461.46143,366.9311,315.944,630.06744,336.60654,164.86604,253.94696,110.99676,143.40662,597.79095,301.34634,582.0259,583.13574,574.8538,324.21292,510.53024,54.09932,317.0595,136.52295,426.52554,76.18806,112.36731,149.1874,241.70856,46.862385,4.9765377,3.184307,3.675557,7.156766,12.208828,4.4807982,5.5521545,65.43105,10.125355,14.846618,1.6029928,10.261685,2.0100355,2.2971087,516.85614,2.926445,19.738739,4.8312626,622.4728,2.7153742,37.744503,29.979996,72.02737,34.028416,143.86719,13.042945,140.38599,68.74929,85.151276,120.3494,561.8824,481.94864,971.0206,986.4913,955.0585,895.93933,752.693,253.24547,686.1577,892.8446,354.3039,6.318398,158.53964,387.30353,6.773498,21.702047,62.853535,87.72935,7.0943737,7.830043,70.963135,26.330229,378.86255,217.37848,362.89523,103.92699,215.0083,226.94424,483.73785,282.32263
770.11115,764.07556,766.4745,762.29266,770.5848,762.14514,765.9895,759.12054,762.0857,761.6786,859.513,870.6616,809.1866,835.1482,835.53467,869.8714,808.8456,815.3571,905.1197,776.54614,466.1861,259.7383,538.0435,458.81137,249.34627,224.7256,272.0969,148.12762,132.28534,237.36311,361.8819,608.8227,450.79782,613.4871,439.30148,626.19324,550.53357,587.4733,591.20105,670.8434,741.8065,736.61145,742.4478,686.9177,668.0549,736.7227,732.4643,460.6872,646.9812,639.4097,749.4032,681.8063,749.6928,732.5495,98.621414,750.9838,643.49536,717.54785,336.84195,737.2541,623.8064,672.6678,580.4357,603.3831,483.9526,732.33875,447.04565,530.8162,567.4555,465.34338,814.70996,850.4478,1109.4282,1108.8953,1085.9536,1054.309,976.6993,1221.7195,992.2268,1061.8043,682.0119,754.18335,704.4988,687.97473,765.7298,726.72284,765.81696,766.2646,756.9266,744.6156,813.0467,737.0724,463.11142,394.5182,410.2971,515.6585,473.14935,424.4471,316.4746,434.8931
16.176764,16.410217,16.291243,16.588192,16.152487,16.855827,16.22829,16.950994,16.682959,16.631239,369.31476,641.54407,334.46878,497.48807,432.78687,459.3049,366.0465,316.02252,628.2148,335.8188,193.35147,287.43036,134.51637,172.90439,601.4122,333.1422,625.2888,628.50793,574.5177,361.6452,511.40494,66.1244,357.5746,138.75266,430.41278,90.09022,124.33393,160.98088,256.51385,53.040897,1.6055169,3.1840415,5.2235823,8.183546,11.417156,1.746554,2.300807,80.18631,14.158126,16.32623,1.4674752,16.752815,1.0065,4.7073026,538.18146,0.4802446,29.315807,8.061461,620.79553,4.112464,47.126038,33.952847,86.660164,45.16668,168.54102,16.165136,167.44276,86.9586,100.77089,141.87437,562.80914,478.84128,971.5903,987.9287,958.6798,893.8632,753.32776,251.62209,685.19135,892.64014,370.31223,4.630391,165.18404,387.963,6.3290176,22.084461,66.49568,92.18547,7.1342564,7.4095435,81.78632,25.51364,420.26163,249.80011,404.48587,125.48566,246.66745,259.76947,531.7439,315.61572
47.043793,40.938618,44.221653,41.460545,47.092533,41.39413,44.035255,37.89738,40.018703,39.089893,386.0972,661.80524,347.48206,512.77014,455.77496,480.98956,382.10736,327.90588,642.69916,354.08188,73.984985,146.05609,60.648705,74.36465,464.80457,210.27696,417.39227,433.49704,583.42017,198.88559,465.126,59.95016,250.95761,113.46787,379.64502,71.10398,92.89888,131.2156,175.63383,51.825348,32.99422,17.976578,13.070289,21.170753,25.377623,30.23711,34.087597,31.69619,12.122838,23.77039,22.085573,2.253532,20.732044,15.582314,452.36594,25.355272,1.7905697,7.9372272,636.42474,12.711082,11.900796,19.066837,24.831514,11.521581,64.59584,17.31673,64.60897,23.325048,32.744743,50.057323,575.73956,499.72925,987.52374,992.71924,959.44934,901.48413,764.64294,282.216,703.80884,901.3348,307.06662,28.162292,143.26563,394.30148,22.233124,31.925028,65.09188,88.81967,20.155481,20.355288,49.20353,31.698404,266.06824,117.318275,224.34212,58.476097,116.439674,121.96636,328.15295,189.03714
23.068123,20.810017,21.79883,21.502804,23.07656,21.594286,21.34066,19.936543,20.778551,20.120989,370.1383,647.7005,335.95578,495.16144,437.77533,463.55716,367.0248,315.83273,630.61786,339.80365,141.75752,226.41661,99.2801,129.50609,568.60876,277.1318,541.6211,546.607,574.7686,292.13403,508.301,50.066067,296.12866,114.47073,418.49628,73.440056,109.7576,152.43713,234.47646,47.94799,8.530724,3.6065109,3.0526297,8.423203,11.316009,7.417255,8.994689,48.52287,7.307458,11.675793,3.0297291,5.5481377,3.4607093,4.2188387,492.96948,4.6609373,12.080809,2.4009445,624.063,1.8470885,30.019213,25.474087,59.231125,25.505842,124.9573,11.6185,116.42358,54.593952,67.737236,102.30529,564.1369,484.00586,972.82983,983.392,954.033,892.2499,755.2465,262.18542,687.5598,895.8564,339.15164,8.502658,152.03693,386.49384,7.9908466,22.054283,61.078243,84.8808,6.4146004,7.545096,65.824326,25.448973,356.54156,192.56752,329.15775,81.145996,187.37395,200.61871,442.5654,249.94554
635.3751,635.2886,635.5084,635.2923,635.2803,635.463,635.2543,635.50305,635.4594,635.33734,756.68616,811.2792,695.2177,784.68567,753.4315,798.992,702.93097,706.3213,832.9452,671.6555,721.79254,616.95685,659.68396,660.8016,234.96658,483.96762,277.7785,259.38165,73.65757,519.28,211.87112,663.8274,538.6209,594.5923,310.55692,653.83496,666.0948,528.0481,764.4899,654.8996,620.1818,620.9752,622.572,622.0667,623.16046,619.96515,620.0491,660.36194,625.2712,625.8452,620.08356,628.0184,619.7058,621.6545,670.39154,619.3987,634.8234,623.3302,0.18068834,621.3227,647.73816,640.65924,669.59845,646.3821,701.29004,631.8806,713.72906,669.1871,674.60114,696.9224,720.21454,781.3531,1098.8475,1116.1514,1120.6246,1036.8256,937.763,510.55823,927.17804,1017.77844,642.6988,623.6802,626.69543,483.48224,624.9321,611.06287,622.89197,634.015,625.1133,625.176,646.3866,640.3152,427.91904,718.2664,571.9561,689.1672,739.9487,733.3932,388.8248,481.7846
19.661554,18.17176,18.813501,18.720032,19.657234,18.851805,18.461666,17.727701,18.24261,17.753683,368.38605,644.85693,334.72308,493.80127,435.08957,461.14758,365.23712,315.081,629.1063,337.73993,156.29414,244.17546,107.96684,141.19551,591.5284,293.92938,569.53534,573.07336,574.2658,312.50162,513.65173,53.196667,317.3835,121.173256,424.2147,76.85432,112.495514,153.38524,245.06512,47.909527,5.09548,2.189676,2.3965685,7.096094,10.300481,4.3907037,4.8516655,57.240753,8.204679,12.217547,1.180757,7.652631,1.3918331,3.040076,507.11993,2.0908992,16.036686,2.8147938,622.41,1.2283754,34.004677,26.89946,66.3685,30.201181,137.00009,11.669782,130.7254,63.12592,76.56239,113.24933,563.06915,481.46902,971.80743,983.381,954.53156,891.7293,753.96265,257.05405,685.2956,894.031,347.1531,6.0078063,154.91853,385.9474,6.1468186,20.820803,61.48837,85.6441,5.343943,6.26525,69.00431,24.230795,374.88412,208.85936,350.95956,93.54758,204.2061,217.4651,468.8282,268.95923
158.9062,147.19586,154.1074,146.94456,158.98903,146.36127,153.58638,140.9663,144.8892,143.40204,445.05057,715.5711,405.63248,586.38574,515.3995,539.8943,441.2119,384.084,690.864,414.33646,25.139381,61.254593,40.339794,36.950172,300.32648,136.17126,266.41223,268.9241,538.1344,94.957565,378.0544,91.597176,218.10805,120.45878,327.59714,95.106804,108.51541,137.90627,108.81914,84.14541,128.0035,97.202774,88.02602,93.898575,101.908264,122.281784,131.42241,56.291374,73.1309,96.49897,103.5177,52.698944,99.54462,88.04155,343.84283,107.95885,41.74838,70.09982,682.4061,82.36318,21.587753,43.650223,11.923223,23.548914,9.078603,62.091423,20.072613,11.088207,18.462639,5.5308094,656.8804,590.14844,1063.8596,1061.4688,1031.8684,972.0827,842.4628,402.72488,786.29443,971.3249,315.38705,121.88189,192.2153,461.2032,110.63697,112.66551,139.73882,161.80571,105.17321,105.60637,67.57172,70.06566,144.86206,33.08867,102.592545,44.221184,45.82169,36.351494,185.53822,114.417885
87.71147,82.15381,83.82259,83.534004,87.70833,83.3988,83.412346,79.370636,81.70182,80.00347,389.95663,665.43695,352.63577,522.6329,459.46695,483.59857,388.15314,331.8529,645.49493,358.6249,92.04739,161.74445,75.61722,93.91043,458.49686,214.88467,428.0502,424.28076,584.62665,214.36244,393.25494,34.27912,181.28035,85.46658,352.3304,41.13372,91.590744,138.8454,195.44272,42.354992,55.22443,41.082275,37.02773,45.438416,49.728676,51.351315,56.17116,46.34122,33.149883,46.17944,35.318283,21.982288,38.124954,33.77433,463.86398,42.230835,22.135963,27.322393,649.2354,31.063862,17.890556,28.057104,31.45735,10.127688,76.61071,17.353985,60.24252,19.657406,42.378075,57.784794,606.5989,536.99316,1021.0583,1021.8314,993.6916,933.22626,798.599,317.6908,736.0198,938.99493,334.57465,56.802994,173.2952,422.43744,52.622593,66.12605,95.67699,117.34012,50.23368,52.559208,49.322296,34.242214,274.50693,115.97229,226.13081,33.220314,118.15916,121.504776,334.32693,173.57124
228.83635,213.82495,222.38182,213.44855,228.9257,212.43181,222.03577,205.35963,210.58597,208.7547,501.03873,764.1935,458.88074,650.51245,573.35376,594.9124,495.52634,437.99118,736.16144,470.3453,13.533782,35.87153,49.99467,26.308197,219.63109,123.98308,186.3967,194.40933,460.3558,57.37296,327.29114,144.19983,224.11601,186.17282,339.44254,133.82996,152.75247,181.84589,125.97834,131.9973,198.24905,158.75114,145.85002,152.05043,164.07457,191.11652,202.34917,84.20627,125.542786,154.56174,168.30684,98.88979,163.41322,146.02518,303.28043,175.14351,81.0835,123.859474,715.7256,140.70418,55.79323,88.68633,33.151737,60.171482,3.555267,116.15253,17.688702,30.407545,34.10482,7.8580885,704.3323,646.038,1106.348,1100.2802,1066.9015,1012.93195,887.9737,468.713,835.4688,1011.9991,329.74207,187.87549,230.26971,509.14578,172.59201,170.37146,191.53494,213.27931,165.79294,165.8076,100.24707,126.98664,102.66963,10.415483,55.80436,63.795723,28.396873,14.05395,125.18758,99.62676
117.150826,108.03119,113.63729,107.31647,117.09727,107.00344,113.6548,103.33284,106.16079,105.10688,412.82874,685.6122,375.08856,545.5054,482.3373,507.3565,409.1666,354.66702,665.32684,381.18668,49.035267,94.69141,45.03586,49.96457,377.35928,167.77322,334.84424,339.73087,559.16455,138.07312,396.22345,67.30331,244.7409,114.9919,340.6209,72.011795,84.93216,113.49869,105.98073,54.31507,85.37362,62.21408,56.160385,58.30128,64.88614,80.90942,87.93998,54.479687,45.537983,64.863014,66.98239,30.77998,62.454815,54.165302,401.97476,69.23378,26.656385,42.125763,663.2594,50.557545,6.4923263,19.793388,9.608377,10.588578,24.234264,32.661613,40.77379,12.586767,22.054712,15.57219,629.8838,555.93896,1037.644,1037.2164,1007.4279,950.3875,813.98425,372.337,755.8753,946.96545,321.02377,83.3368,174.58429,435.83966,74.77834,79.0167,112.829865,136.22433,71.62596,71.17083,54.107346,37.62512,182.87494,62.113655,154.57565,54.606316,79.029305,68.6702,254.16893,153.68779
106.941666,98.81758,103.31652,99.256714,107.02686,98.70802,102.921974,94.31151,97.278885,96.146645,400.8919,676.94696,362.1647,536.68665,473.70758,498.03748,397.3704,342.38574,654.6597,371.4942,49.097713,120.17002,46.240387,54.162216,406.02744,196.67522,358.8686,381.95416,603.2414,165.02193,417.7803,55.138096,217.80977,106.98364,344.50522,60.916092,80.939095,112.60756,133.78284,46.371716,74.50846,54.691406,46.4747,57.786007,64.42547,72.11716,75.40883,48.045254,45.456512,61.93985,54.579037,21.997297,52.58812,44.00103,419.7241,58.89927,15.952055,32.51448,660.35187,40.42403,6.5523543,19.952637,9.189455,7.795983,32.070576,24.633957,34.79589,8.349848,11.195849,25.35264,620.97766,547.0881,1032.4918,1031.9862,1004.33844,943.00073,807.5265,323.08636,747.0493,942.67004,317.5132,73.33142,171.47444,430.85303,64.05675,71.581245,99.22865,122.06731,60.652042,61.106415,30.506767,33.31556,199.27582,71.54862,158.71048,35.85481,66.168884,73.29141,253.60526,136.78053
57.79515,54.730545,56.36649,54.961693,57.81185,55.033756,56.257717,53.349026,54.336185,53.78952,368.82486,643.012,331.63696,491.14355,436.15216,460.49353,364.9341,313.0128,627.1772,335.5192,126.52509,208.16624,90.29952,115.92039,570.3484,265.30322,520.77637,529.8301,577.53656,271.60126,484.87903,32.363888,279.65793,98.177315,392.84692,50.653275,78.8589,115.01597,194.68524,23.967264,25.461765,18.302258,16.840742,21.852741,23.873518,24.02056,25.228374,62.34556,20.184334,25.781101,13.825326,10.8814335,12.848526,11.918601,493.52927,14.998427,16.695667,9.592007,633.8277,10.178426,11.874578,9.383662,37.527042,10.918834,97.20943,0.18688758,97.41942,37.13493,49.154896,76.89948,591.298,509.84003,1000.101,1012.338,977.3685,921.11755,780.5479,290.7735,716.32983,919.2377,351.96353,30.416462,167.60588,405.5166,28.210854,40.71448,79.44562,104.319435,27.461567,27.711445,43.372437,6.0161986,317.09177,157.70326,288.36185,68.35737,157.16345,165.29785,404.4127,227.77104
219.63324,205.0544,212.70094,206.03096,219.85065,205.80531,211.84123,197.23578,202.75096,200.11581,492.73566,760.6042,452.10837,642.2069,566.186,586.67834,487.62054,430.42725,730.6104,463.8748,12.13798,37.798786,68.95186,44.805355,223.36734,118.02259,190.3369,200.93777,474.13788,59.09358,353.25967,135.19803,172.73135,157.63754,294.07895,117.922485,150.53978,172.78079,154.67265,128.6447,189.37955,150.20692,137.67235,150.0284,154.89877,181.22182,193.61256,59.7554,117.11235,141.4052,155.95544,90.91433,154.92026,138.40884,284.9124,165.32225,71.29936,114.84831,717.1917,131.44078,53.502724,90.568016,31.309904,52.717167,13.814284,108.47878,5.0686293,20.866577,27.568317,11.403298,697.2062,639.0928,1101.0903,1091.1581,1063.9258,1004.21857,882.5525,447.9319,829.2403,1013.17944,322.86752,179.15634,225.60748,501.9894,165.2774,164.96428,183.97212,202.69508,157.7298,157.08124,97.83163,126.65071,144.65685,14.636423,57.37507,37.97218,18.26008,13.835674,115.39915,78.64995
77.38389,72.22741,75.67728,72.05921,77.49714,71.57918,75.00285,69.21948,70.87223,70.59869,383.7164,657.10315,343.89764,508.97156,452.0892,475.7375,378.89847,324.5021,637.0421,350.0391,97.60122,170.93947,71.72055,87.57365,491.73288,243.23273,453.7841,468.68527,579.47504,227.68477,490.85654,38.059284,273.88843,98.342636,363.33615,66.689606,75.99167,96.82701,159.26509,27.228022,44.86758,32.75053,28.958906,33.59652,38.96354,43.73654,45.298218,49.10711,29.752829,34.61051,31.608072,15.216604,28.720203,24.84052,460.05078,31.470837,14.987124,17.950893,644.047,21.831852,9.474273,10.860158,29.167421,10.470751,68.73336,10.73241,70.88369,26.00624,22.65155,55.701855,602.7145,523.7396,1012.8286,1023.93353,988.2778,929.1977,794.8565,308.843,731.6979,926.6636,338.18643,47.470592,168.99953,415.40778,43.252308,52.057686,88.75395,113.97723,40.18376,38.969494,36.921116,14.746034,262.12778,124.20075,239.93701,56.279594,116.9927,130.61981,336.71637,177.6757
146.34738,135.52374,141.50311,135.93694,146.37155,135.73903,141.37914,129.94553,133.76929,132.01561,432.06198,706.82556,391.86505,573.96985,505.92572,530.06024,427.43906,371.19977,682.2823,402.88644,22.876602,81.272224,47.08047,41.480118,321.21765,155.58656,279.59747,305.21472,594.52277,115.601555,385.7942,92.10872,208.0373,122.9191,330.90564,79.00309,100.8534,139.64128,129.6344,73.6661,114.5838,87.05354,76.44479,89.55752,98.305855,109.99384,115.86187,58.015617,69.82713,95.22102,90.15924,43.149994,87.59207,76.22954,367.72064,96.25021,33.007683,59.941044,681.41675,71.28444,16.230255,38.026714,6.169532,19.617111,13.489355,51.370304,19.83207,8.755689,13.889492,9.05281,647.3911,578.93317,1056.9923,1053.6583,1027.4636,962.12897,832.8144,360.7064,776.1404,966.20715,314.24188,109.88158,186.11136,453.5014,97.10907,101.79716,125.35207,147.55847,93.1347,93.50347,46.70888,60.902706,165.30783,39.68355,105.43999,37.840153,42.709522,38.872032,198.74178,122.77386
127.318214,117.171555,123.10788,117.528564,127.441246,117.25245,122.964325,111.99597,115.55045,114.38946,419.996,692.4312,380.7205,558.8086,489.9296,514.96967,415.20593,360.42596,670.5051,388.0923,39.221695,86.64765,46.65003,46.8713,347.8157,160.02663,308.48212,322.08472,571.8941,126.05092,376.22202,73.99238,211.46326,113.3936,330.7539,76.12164,85.44703,119.111534,118.628204,60.091553,96.35118,70.60489,62.841274,69.30233,76.19758,91.05983,99.01396,50.563774,52.340214,73.2595,74.0192,32.63744,70.82909,60.24239,375.55518,78.46349,25.822226,46.62476,669.8255,56.576324,10.121366,28.395163,9.169065,11.97479,21.570759,38.855194,29.146648,8.399151,17.388489,14.116835,635.4742,564.0348,1043.8414,1041.8365,1015.75714,953.3912,823.0283,369.14633,764.4783,954.42426,316.5414,92.50881,178.67804,441.3306,83.28448,86.74081,117.09906,139.94449,79.50645,79.03232,51.68138,47.959846,178.4824,52.19173,135.41689,44.51192,59.96925,56.413708,221.29744,137.72742
878.7801,880.3185,878.5485,879.1234,879.47675,878.20355,880.8071,877.4681,879.047,879.58606,984.6459,680.4635,996.2617,938.9065,972.1973,945.7603,914.6006,894.11426,788.8902,971.97534,979.64026,968.9227,935.6014,960.80585,930.3853,916.89594,930.50104,958.7176,991.98193,955.05884,992.42975,980.73846,1091.3762,983.42053,960.2368,969.60406,971.85925,960.8414,1087.8888,949.0537,888.7186,883.2172,880.2809,893.7727,901.47656,886.6215,889.9675,937.13074,894.4049,902.21796,887.8851,890.02924,884.87756,884.0497,1068.9917,886.9305,894.07135,886.67285,946.59503,885.2783,930.56915,922.9459,948.33344,936.5692,976.27094,911.97986,995.4582,958.7105,945.80096,973.5139,554.94147,858.5693,785.2135,618.9104,699.48785,767.1848,754.40845,878.91974,797.47656,577.4209,934.38104,879.6824,846.12054,620.88824,874.5012,893.9074,926.03143,930.6302,876.1598,874.8936,927.44824,927.7883,945.1674,1004.04016,981.10986,995.8099,1004.88416,1008.17,953.45435,954.60223
503.7393,502.62787,502.78387,502.5119,503.67136,502.72894,504.05496,503.10184,502.54608,502.91272,768.1446,800.3217,712.951,506.86606,596.4719,485.3828,717.5509,462.31296,883.3312,555.789,660.5879,729.41583,612.2671,640.7315,740.90625,736.545,759.6436,793.54407,737.4931,779.98303,746.41797,599.2638,840.562,655.60876,705.59937,622.5545,632.9808,656.2529,730.86035,580.7156,505.2577,506.0384,507.51563,508.03455,512.969,509.04263,507.9468,566.3203,514.9579,514.2847,513.04285,520.40015,511.81555,512.4745,917.2632,511.82205,528.9001,515.4127,754.2943,512.9721,562.6344,550.7352,592.9647,561.54266,652.4846,541.7675,658.33716,594.24,597.81354,633.4674,794.9469,710.096,827.9836,834.8622,869.05444,867.1861,666.48285,671.594,737.3075,763.26263,771.02875,502.78717,592.3116,543.1052,503.28342,512.4707,415.19205,573.29224,504.68622,503.12476,588.8039,554.5736,703.85815,726.6819,847.5699,636.67395,724.9418,735.74744,809.7176,725.4128
976.6527,978.7227,977.8849,976.6889,976.3823,976.09247,977.0784,977.0422,975.925,977.4761,1078.0802,664.19403,865.2954,870.2582,898.3455,978.28644,902.4101,880.8209,889.114,870.7604,1110.3634,1158.4965,1072.0646,1088.367,1100.227,1107.5947,1101.9482,1141.838,1133.022,1184.0569,1128.5963,1063.0802,1244.2,1110.0311,1103.4509,1079.9191,1100.7625,1083.1517,1177.8342,1056.3722,979.57495,981.6255,980.3502,981.2654,983.69104,980.3669,981.1547,1026.4619,985.6963,984.83575,985.91187,991.2939,986.0724,985.52954,1240.1503,984.89594,1001.6271,987.5729,1126.0382,986.43384,1033.4325,1029.6644,1058.5177,1032.7965,1109.8024,1013.9143,1108.4657,1060.0764,1068.4264,1092.6653,652.3752,690.0876,476.6593,512.61743,523.42065,687.4182,424.41217,1070.4213,601.3567,680.296,959.821,977.4829,1008.39545,833.04083,977.259,941.21954,1018.3269,1036.2896,978.26965,978.22144,1051.853,1027.7657,1084.3353,1167.5509,1193.344,1090.903,1168.8312,1176.1224,1139.1187,1094.6168
597.8272,598.93726,597.515,597.5363,597.8988,598.57715,598.06683,598.22833,597.8742,598.4013,558.91437,758.5211,635.8768,585.87933,397.74112,516.01416,846.7568,755.9042,741.621,537.3593,761.7882,831.9763,710.9268,740.66565,856.00385,847.1735,871.23615,914.05963,855.40765,881.518,854.5708,692.1226,918.51306,751.08594,796.5282,714.2283,733.6231,736.2493,837.9527,681.2201,600.80414,602.8947,604.6534,606.1169,609.4555,601.7084,602.3199,663.32104,610.6432,612.4279,607.288,618.68036,606.23615,609.4882,1019.60724,606.5653,628.8164,612.4748,877.08246,609.22217,662.59515,651.95825,692.3771,661.9085,754.1253,638.61566,756.37427,693.76184,701.18066,735.3644,863.72595,507.46866,851.79126,784.4981,1000.4778,779.9469,602.9711,760.9139,395.9911,778.068,839.8724,598.3145,549.3223,834.3302,599.5301,610.9427,647.97266,552.21857,599.46875,600.07385,689.918,653.0463,813.01654,825.29956,944.3246,732.55023,823.00604,833.5367,924.1534,833.3774
265.918,264.2788,265.36484,264.59515,265.669,265.67374,265.49323,264.3681,264.64017,264.16467,548.65656,817.9423,562.502,323.66876,501.3516,560.9471,516.3945,332.77167,831.7198,503.0604,462.4682,543.3658,400.3987,441.04636,715.2433,572.0071,741.92377,782.1614,685.44806,610.4012,678.6719,363.18448,610.9796,426.53003,608.98254,389.05502,412.64722,445.13382,518.07623,354.51416,267.51038,267.1564,268.6789,271.6337,274.73694,268.21643,268.02765,342.2466,278.2942,279.86868,273.6154,287.45166,272.7913,275.75574,739.69324,273.15244,303.58633,279.0165,722.34485,275.35355,337.9743,323.34402,376.16165,336.47836,453.82712,303.43607,452.45273,376.35706,387.90027,428.0197,711.41595,692.73535,994.0717,898.23627,1130.6304,883.3393,942.4416,487.41678,806.74866,906.3923,600.38,264.71866,415.56622,507.49866,265.1203,278.55142,319.29224,343.26678,266.0217,266.24924,368.07425,321.96237,612.47034,534.4888,674.9316,419.6621,528.63806,546.64575,791.85406,589.16565
552.10223,556.4015,550.08215,554.8842,552.7997,551.3753,556.931,555.5309,552.8188,557.18207,816.82104,846.7564,753.42816,929.9963,835.7868,881.629,799.55176,756.3487,908.9522,758.7196,691.691,816.5046,658.52844,681.3028,1069.5437,857.7655,1027.4904,1103.5599,1087.9044,868.8745,972.06793,670.27954,850.8341,703.8651,897.6645,650.029,700.5954,684.0267,810.18665,639.4804,560.52826,566.33,559.764,582.56464,596.9235,568.9077,569.9189,647.5464,596.23175,604.47186,565.351,582.36444,564.86536,567.5409,1146.2593,564.8449,592.74695,576.7111,798.474,570.9879,635.68585,620.16614,645.8198,640.68604,717.64496,599.7986,710.4796,660.86426,662.6486,708.72845,755.014,851.3451,1101.4669,1066.5685,1039.4357,1042.851,922.36743,386.51907,943.84607,928.9927,791.5765,553.43805,647.9443,590.4831,547.18115,566.09393,574.7887,618.9967,556.12305,555.2356,608.82965,605.3597,865.31995,775.456,854.1781,677.46136,747.8191,770.8608,963.34863,812.23364
686.145,683.92065,685.6568,684.82117,685.13776,685.4812,685.18463,685.3091,684.7043,684.4149,818.2678,938.34265,827.1522,468.63083,707.8291,921.4798,585.0185,382.18835,964.1163,892.5421,821.078,889.2241,781.228,809.05457,879.50946,886.91895,892.6585,921.5423,888.19824,931.0068,890.3745,773.656,993.2746,791.9852,850.8899,790.192,820.47577,840.3731,929.65674,761.24066,688.84625,686.97003,687.9782,692.3992,695.7076,689.51117,689.6363,734.2485,694.3068,697.6477,692.57227,699.9943,692.94794,694.2005,1080.7129,691.6259,707.1473,695.4952,897.39685,693.9433,739.5286,729.5928,762.78937,737.09186,817.81995,719.9402,817.94403,763.9323,772.6604,800.68524,591.7795,757.7475,439.58545,634.7546,943.1687,587.91693,599.47797,816.65796,607.0495,907.28644,800.60077,685.02026,689.4141,652.2262,685.0492,693.76746,729.2764,747.06995,685.1057,686.02167,764.4616,736.42706,852.58594,882.92975,992.1804,797.95044,880.88715,889.8808,934.0332,863.28345
272.4109,277.9623,275.22006,278.1281,274.4913,278.1167,275.78833,279.25287,278.32736,278.60785,604.40216,802.6563,555.07666,734.8254,655.957,682.3493,585.6682,538.3981,809.826,558.1373,453.42487,624.2406,404.37308,457.6289,887.0087,679.55707,894.7005,968.88257,865.5976,686.9071,793.6255,404.38153,669.38055,415.0638,675.3287,405.30573,453.93338,443.825,578.26794,364.6622,284.93198,287.61368,280.17435,310.74908,329.01688,288.4662,291.48477,396.41562,326.48993,335.09265,285.00607,303.2341,284.00165,288.46234,1056.7347,283.6549,311.92325,295.0494,524.42413,288.93073,358.66327,339.96902,376.25357,363.66525,462.60223,321.2249,470.5389,398.01147,385.04794,454.08215,697.92163,665.2546,1061.8812,1064.4968,1055.0498,989.06744,876.0775,47.527706,831.12256,945.2752,592.5736,275.20844,422.7192,556.21747,267.63513,290.3429,306.08035,333.17224,272.80634,274.8758,320.87875,326.88913,672.145,557.30286,654.939,429.02347,507.49677,545.083,799.6674,574.87036
554.9355,556.15546,552.85956,555.0783,555.7835,554.0876,555.5107,552.8923,553.64197,555.8407,885.0908,654.63947,738.72815,831.3361,858.94354,514.89044,883.39044,841.3011,429.5788,675.4979,711.2101,787.38116,668.83685,695.4048,853.5061,808.6806,868.4597,918.3849,861.0233,841.78705,830.09735,648.90576,891.40564,711.0968,728.93915,671.8808,695.8816,724.3408,809.43524,637.8729,560.6761,560.12823,559.5082,563.658,567.50323,559.6775,561.8728,615.8453,564.4174,570.132,564.9114,572.3989,562.781,565.03754,993.69586,563.9531,580.6784,567.3323,861.12683,564.7856,616.06915,607.58014,644.2652,616.7416,707.7066,593.5226,711.4137,647.1494,655.643,688.2103,852.62524,512.08276,811.83673,1073.9362,650.2749,1073.1624,678.1315,714.92474,688.41907,770.63617,837.219,554.0043,566.121,600.73376,555.87036,570.2783,604.4257,626.0993,556.6139,555.91785,644.7559,609.3133,800.01587,779.5464,898.7054,685.1206,775.4699,786.46857,915.85205,804.8529
913.046,914.4673,911.03064,913.08856,913.7109,911.67786,914.9421,911.7846,911.2323,914.0394,1049.9738,596.79553,889.103,890.0227,918.9851,882.2105,1070.7854,912.1747,813.6018,760.4831,1031.2375,1062.7933,987.47125,1003.60077,1024.3917,1002.228,1031.2964,1067.4178,1073.7998,1056.9006,1028.3875,1000.8564,1179.4739,1031.7761,979.7799,1013.6905,1027.7673,1001.3058,1106.5725,988.1948,915.58636,917.6601,916.01874,918.0049,922.99115,919.36194,919.4972,965.16205,921.4021,925.79156,923.1419,927.1237,921.83563,922.4106,1157.3622,923.3263,934.01715,925.1189,993.0537,923.4265,965.24994,957.07166,987.33374,966.66113,1032.3245,949.9755,1041.5046,990.48456,997.29596,1018.45184,709.97,943.9717,791.24536,678.25354,690.1335,825.4023,735.5016,932.44244,810.16516,340.5641,1007.2199,912.245,895.7489,643.9272,911.44214,893.18774,876.0224,974.6801,914.3261,913.35693,975.93024,964.5186,1025.68,1091.9032,1079.4371,1024.8331,1094.8179,1096.6105,1056.3741,1014.57513
347.2344,336.38785,344.01147,335.42758,346.61148,334.35815,343.89377,330.68384,333.56348,333.3552,549.7913,736.30194,504.17722,708.3686,562.9338,742.1378,608.4804,514.29114,725.26965,610.53,277.29843,316.2505,274.6568,280.2574,490.91287,376.68042,472.8676,491.3114,542.36804,346.73776,562.05005,372.32092,525.4586,431.89322,502.11423,381.1193,404.91394,397.37357,408.80478,360.69238,344.36996,319.3716,310.73038,313.43735,324.46884,341.03674,345.288,291.78485,302.19528,321.34995,336.9515,289.97314,330.0197,321.8865,584.16675,336.88733,281.41098,305.20685,614.4031,316.17142,286.0661,303.0246,282.33618,296.30096,274.52805,326.01147,294.15195,289.0699,279.28903,277.67813,715.112,731.2085,1043.7631,1015.7732,1047.9152,858.5942,931.07886,550.11774,911.4165,939.7494,414.89288,331.63644,295.49283,561.9209,319.31287,321.3063,347.17328,368.0162,315.75232,315.3217,332.57047,335.53793,380.22247,320.08868,375.4684,343.81467,325.66922,317.8074,448.80716,372.99542
4.6966796,4.2327304,4.555005,4.3973923,4.6663756,4.5721793,4.437791,4.3603354,4.3429666,4.2001467,380.49008,654.7066,346.14706,507.0934,444.7854,471.37793,377.1026,326.57935,640.93646,347.81134,185.82564,277.44885,129.51436,166.46898,607.9736,325.54083,619.27765,619.2793,582.03345,349.53845,537.575,86.18997,381.9703,159.21501,453.0627,108.426056,143.21985,177.26036,281.49033,73.55178,1.6902928,1.9356184,3.24115,6.4587007,10.549969,1.7460563,2.1423259,72.31487,11.145127,14.621527,5.0361915,16.405146,4.2881513,7.187788,530.8731,4.3246574,27.610577,9.259538,624.99414,6.2496905,56.439854,45.258965,93.00376,54.677593,169.8727,29.430536,169.47566,93.27703,106.49837,145.00151,553.73505,471.56656,962.5051,977.91205,950.66925,885.34485,744.6549,244.24078,675.9846,883.70337,357.04645,0.32233992,156.65852,382.68863,1.2130177,16.37441,59.751938,85.0032,1.5803499,2.0141222,95.45821,43.106926,419.67987,252.45474,402.46103,135.67976,250.05164,262.1427,527.4569,319.41193
136.46346,129.62819,134.19713,129.87871,136.25581,130.18211,133.65805,126.89083,128.86726,127.95668,489.34018,741.91187,395.20593,480.37192,492.54434,519.4262,422.7575,342.76358,734.446,440.5549,170.90575,231.42256,153.84157,171.55559,532.4535,290.90897,488.1817,498.07718,592.5708,280.82153,534.8575,185.20714,378.516,232.78186,479.82697,195.43752,222.48769,251.42096,276.3854,179.65898,134.37904,118.05964,114.06581,118.420006,123.08953,130.99597,135.94164,129.8807,109.9277,123.47844,128.36378,106.88873,126.28871,121.342445,516.8978,130.38078,106.424225,113.09756,632.9534,118.34587,123.81875,131.23734,133.779,124.16253,167.41057,133.44496,173.72612,135.98598,146.057,154.97733,629.9402,522.1557,965.7275,885.8986,925.0052,847.3027,837.1149,365.30823,778.77673,900.03503,388.7602,125.52278,234.09866,443.7512,119.63375,127.20772,161.74379,184.41028,117.34268,117.48483,173.47517,149.56139,354.98068,222.54239,324.71912,175.94054,229.3169,227.76106,426.9211,296.21863
274.87106,270.3821,275.3042,272.19952,274.61954,273.17175,271.83057,270.4236,272.2178,270.17755,617.5216,827.999,516.5458,716.4387,680.901,700.8118,359.8045,520.4631,815.7579,589.93353,380.10635,446.75494,348.7818,367.72656,635.6143,485.9167,654.8203,660.72485,608.7883,498.18958,576.3697,338.044,555.7372,396.77054,529.21466,345.90598,377.90152,411.2227,488.89218,326.76923,273.19437,264.46857,265.1726,267.54062,270.07443,268.38986,272.1484,300.3873,264.86688,272.67694,270.23688,268.03137,269.7177,269.3466,679.88696,270.2166,273.8118,265.2837,617.75635,266.2178,296.50946,295.00443,320.36282,294.33353,372.3432,287.38528,368.1691,317.17224,330.73416,352.97546,581.51654,529.2267,752.13934,778.8401,943.83417,533.68207,840.8329,470.3316,801.3087,1030.4855,454.69952,268.86884,395.27747,508.86264,266.86676,274.6287,314.32214,337.0214,265.77612,266.06674,338.67844,303.27054,553.1752,433.95337,552.0955,355.86505,434.8277,441.30347,650.2461,502.20105
7.0588207,5.7566543,6.5353456,5.947149,7.1030254,5.94057,6.394759,5.2269597,5.557511,5.4142447,380.60068,654.1227,343.80145,507.71863,446.81888,471.95438,376.9257,325.96115,638.95374,347.6323,164.10014,257.55557,114.976295,148.11493,600.32794,310.87656,587.58405,596.36865,585.4024,326.41525,534.93164,82.473526,366.80762,153.56258,447.05087,105.86033,134.31657,170.69223,274.5493,70.87269,4.075985,2.1633255,1.7399496,7.1631827,11.039316,3.8626277,3.8569822,64.142136,10.3727455,13.916936,5.8823543,11.409552,4.8538637,6.1350493,529.18396,5.707676,20.165588,6.497382,626.54535,4.889017,48.51501,40.128498,80.76942,47.972897,150.92715,27.18213,151.4668,81.45292,90.91989,129.22986,554.59595,471.18222,964.8327,978.132,946.2176,884.86456,744.32544,237.5542,676.8942,882.6717,344.65366,1.5120629,151.13536,382.48935,0.6557311,15.073597,55.41655,81.048996,0.6511939,1.0668772,82.81181,40.832024,391.27744,230.72508,371.26398,123.35269,224.80986,238.43538,492.96918,294.6752
9.699874,7.8778715,9.094032,7.770641,9.736294,7.7974024,9.111539,7.050078,7.525783,7.4050193,381.83008,654.8181,345.06458,506.84766,448.9486,473.63458,377.87347,327.59048,627.8806,339.96848,156.18803,242.87431,111.06763,140.25311,574.5274,298.77524,565.3666,573.2925,564.72375,310.3426,513.21234,86.387024,369.3422,157.46747,431.09027,107.558495,130.30959,161.72922,255.16263,71.119156,6.402609,3.4893022,3.0601737,6.234994,9.843222,5.851034,6.204512,63.684746,9.352159,14.023737,8.63472,11.222635,6.890382,7.1819005,510.85962,8.1286955,19.503206,7.1465373,607.3981,6.205594,45.120384,37.872356,75.78237,45.885197,141.89444,27.725088,147.36653,78.57591,87.96866,120.78667,556.3875,470.38626,964.9753,981.05896,927.4439,886.7552,730.1814,247.29898,679.64685,872.7919,341.2469,3.8904505,148.80942,380.2921,2.5051584,15.142891,56.66093,82.940254,2.8346758,2.4023523,84.73501,40.172146,378.1239,220.21661,359.0092,125.45522,218.73726,228.62468,479.04156,292.597
68.10022,65.23948,66.76561,66.06568,68.090126,65.87329,67.05273,64.4469,65.30136,64.62842,273.53357,661.2131,395.00275,553.90314,496.87393,485.1833,427.43698,374.8721,688.4055,387.0107,183.19313,277.37643,146.5293,174.6682,602.8727,332.77512,575.60803,592.0231,585.988,338.35782,537.14197,135.15504,386.30814,200.54175,463.87524,150.68373,182.87175,216.34445,302.36502,124.497284,65.848404,59.646336,56.669235,65.939354,67.214165,65.29261,65.24536,109.41413,65.96591,68.94341,64.06769,60.866295,62.9962,61.986313,579.0494,65.45415,66.43231,59.900753,620.4638,60.51635,93.04524,89.75053,116.552475,93.43444,176.26761,80.6688,177.79025,118.62913,126.743126,159.21126,602.07996,524.293,1003.7636,908.5323,990.04114,927.77716,770.31213,277.3634,612.94196,866.67426,376.21274,60.434315,197.12776,428.37817,57.12212,70.465355,104.91516,102.07214,56.602062,57.414806,121.67956,95.44245,397.95648,248.58144,370.69104,159.06328,241.21042,252.79233,490.37317,312.11322
162.82664,159.65465,161.16963,159.82303,163.00018,159.84108,161.52585,157.99678,159.04097,158.56984,511.78043,724.7311,475.3965,502.661,460.81064,488.5859,440.95294,373.98135,760.217,432.27255,256.77652,340.40485,225.97922,249.11194,629.5816,393.58746,620.4601,627.0711,610.29156,397.0964,570.3042,224.54303,456.67572,283.0985,493.46414,240.46017,266.49982,301.07028,377.02716,214.53609,160.14131,152.80833,149.4801,158.37747,161.88261,160.26529,161.56345,191.21349,155.91312,162.41776,158.11717,151.3476,156.9843,155.15244,629.08386,159.80627,155.09259,152.4945,643.2972,154.11836,180.61792,179.23222,200.25957,180.66142,251.15573,172.50159,253.52438,200.96446,209.42986,235.9412,664.20715,601.19775,1063.0428,962.80334,998.8655,868.5739,799.68933,365.23587,755.9148,850.47845,450.55167,154.28523,282.09763,441.58878,150.86298,162.64485,196.3301,220.31822,150.16637,150.85533,208.63646,187.91481,457.91547,317.65353,431.08005,239.18042,312.67554,322.04315,541.47845,377.95868
6.473134,5.28126,6.003598,5.4510655,6.452167,5.5522738,5.9044414,4.9067297,5.1836376,4.993464,380.33606,654.0332,343.86774,506.36765,446.08942,472.51385,375.85922,325.31982,639.31586,347.20306,167.0412,260.60443,117.24298,150.70547,604.902,313.03476,592.02374,600.00867,585.05115,329.9806,535.4447,83.961235,370.0285,155.9969,449.49066,105.03057,136.3878,169.92947,277.3924,71.055244,3.3558347,1.8894714,1.7317193,6.9107347,10.866415,3.1425595,3.258918,66.35675,10.382826,14.810661,5.492587,12.04612,4.5368414,5.983265,533.245,5.3149195,21.432735,6.8867793,626.1932,5.016774,49.25382,40.56173,82.09484,48.81519,153.57883,27.185389,154.5307,83.298515,93.97788,131.3021,553.3715,471.2758,962.8655,978.4666,946.94684,885.2136,744.6273,238.75502,678.1682,882.59705,345.71957,1.1130645,151.27028,381.109,0.3469552,14.948758,55.944817,81.46305,0.67606866,1.1396707,83.721016,40.766777,395.87454,233.81477,375.6705,126.33604,229.48558,241.75594,499.8273,300.2407
7.9611063,6.336197,7.266288,6.3490434,7.966597,6.4728513,7.376769,5.693992,6.071796,5.8765836,381.27753,654.1085,345.60437,505.73755,447.13702,472.96005,378.0349,327.19498,640.7387,347.2601,158.54439,247.3424,112.02386,143.05688,594.7741,299.80615,574.9391,581.5544,583.1007,315.04523,529.2114,83.59264,364.38028,155.42686,442.29758,102.91683,137.37308,170.24109,264.76517,72.64398,4.8165746,2.1318355,1.8374246,6.0865293,9.65235,4.329896,4.5891633,63.081985,8.540116,14.290429,6.707796,10.764768,5.3724914,6.4008346,519.1784,6.6783786,19.800838,6.705659,626.68243,5.3533664,45.98583,38.36749,77.055756,45.624542,145.1895,26.75644,148.4605,79.0734,91.57659,123.22828,554.1627,471.68463,964.7367,978.4009,946.87524,887.6187,742.3459,243.9474,677.44824,881.6277,343.56174,2.171019,149.37408,381.13464,1.0999479,14.934739,55.839478,81.399574,1.2527443,1.5177983,85.49921,40.221027,384.6671,223.41866,363.45514,123.06945,222.62029,231.79472,487.5015,293.0471
169.89844,162.56206,166.44807,163.69406,170.10957,162.47157,165.90506,157.95058,161.12675,160.04825,437.72247,702.9013,396.38904,565.17053,508.34778,537.2939,433.46848,378.7229,680.62146,406.61572,93.28022,197.56824,74.47852,109.28723,455.35135,285.7172,405.759,461.99982,574.596,239.12119,398.87686,98.5506,266.33078,173.8407,397.36996,98.66686,145.39839,148.69807,206.52234,101.85295,134.2364,113.81261,101.89097,120.73622,124.3423,131.1749,132.75792,124.18,113.91537,122.0201,107.41448,75.07025,107.02697,96.61201,533.0217,113.42967,67.67286,86.89936,658.86554,94.780174,57.552498,78.71612,48.892273,59.779938,78.94079,72.44569,83.00551,58.439186,48.381588,83.49022,660.00226,592.19684,1054.3079,1060.8446,1037.6844,973.35443,840.64813,320.77914,785.11066,973.154,362.66153,132.53722,230.23083,466.36633,119.163704,130.19939,148.02821,170.251,117.4203,119.43216,42.37977,78.922356,210.479,120.16005,192.02672,81.62308,97.34795,115.23707,295.01947,168.43413
79.4756,75.34528,77.76856,75.60541,79.51187,75.497444,77.53609,73.301476,74.66639,74.14135,375.10846,651.7669,338.5196,498.28384,443.54462,468.46204,373.0015,319.80243,636.3315,343.62714,117.03731,194.25493,83.62729,103.23165,533.1449,256.7426,494.26074,505.7803,584.8694,254.7847,466.08896,27.702068,265.56467,101.71972,384.12225,47.2126,67.977806,105.72957,171.84404,20.6432,40.933773,31.624233,29.153257,33.408825,38.527245,39.40351,41.85274,65.15089,30.936926,38.15415,26.310972,17.51834,24.75636,22.23759,482.89365,27.8458,21.09105,18.311783,644.2667,20.344212,9.933496,9.829511,32.75728,9.401547,83.88452,3.5605476,84.66153,30.566404,40.230053,66.74484,607.9563,529.3227,1017.84265,1024.5796,993.9163,935.9729,798.8657,311.6396,732.5457,934.3678,356.6947,46.895424,178.27289,418.87988,44.095192,55.0935,92.46791,116.836784,42.34103,42.445957,39.837875,7.7415333,289.30124,138.31845,263.79324,59.62296,137.38448,146.68071,371.08258,210.91104
645.41205,619.1658,633.3521,621.1846,645.8105,620.2039,632.4009,604.8254,614.7315,610.8937,812.1749,835.5654,758.2003,823.2023,802.8986,849.27374,761.38043,754.5042,872.8809,731.0581,125.87621,116.53254,273.2359,202.75862,61.30095,189.3921,47.142185,89.33504,236.95644,86.18669,306.1318,492.97513,296.80563,492.3191,359.79712,436.66013,497.95032,489.69946,403.54373,472.3338,608.10706,541.2122,513.6082,540.4235,554.18646,597.00183,609.9497,332.05508,481.0326,530.97864,554.8129,420.89096,551.57184,517.05884,389.921,572.17035,375.1713,473.1622,419.02005,506.62555,340.1971,413.3696,262.06018,343.74435,157.70885,464.5039,155.89795,252.73593,242.46907,184.76596,793.7281,863.85406,1128.2068,1117.575,1149.7697,1058.8867,990.72217,797.7194,999.29645,1055.9622,512.1985,587.14984,530.7323,677.50684,557.53827,541.51166,534.1027,546.7644,545.03784,544.6029,367.8095,487.79947,152.18878,99.07794,28.604458,255.0575,95.30816,83.676186,24.73863,167.33615
216.14201,205.92198,207.32,210.46298,216.21318,210.78941,207.25171,200.94763,206.21368,202.10907,484.45667,752.9842,445.55493,622.79315,555.50275,575.9451,479.42438,421.47092,727.31995,456.01614,96.17762,145.89497,147.10535,131.30588,318.88403,194.40848,290.1142,297.22073,408.29776,176.28818,291.9479,114.838936,70.25853,165.83675,282.93008,80.51226,155.8603,212.86792,316.21115,116.801575,177.48633,151.25499,142.3368,159.6965,157.71643,167.93582,177.89156,84.80216,124.107185,140.04521,138.9979,106.700966,150.27504,132.14557,436.0264,158.1253,93.26015,122.297485,615.42194,132.94194,92.167656,127.414116,86.65057,72.44166,112.073364,108.698265,58.148037,53.33068,87.81408,91.06444,699.0723,642.8603,1097.6166,1072.5219,1069.5901,1006.57684,891.4813,420.8709,832.5328,1007.40216,375.68903,175.23326,257.95648,513.91125,168.43188,177.89288,195.14017,209.26695,165.6255,165.90111,115.428894,151.52351,285.12875,104.137375,172.52625,39.765236,92.87028,103.298256,237.28574,157.44672
289.02225,272.77063,281.883,272.7461,289.0358,272.3224,282.2471,264.17065,269.83466,267.47668,537.19257,787.1635,494.99927,680.71826,610.94214,636.0498,532.3973,473.72705,769.0315,508.66666,18.288244,55.409016,77.31312,55.13637,196.92503,138.61496,164.22894,196.3498,472.07733,66.72106,338.0548,203.71175,237.2961,219.40677,348.31128,160.49048,190.3342,216.98755,168.82324,167.44408,251.67575,209.87955,193.16505,209.54051,221.6261,244.59456,253.27344,140.31778,178.62364,217.79338,217.75917,139.23384,212.81769,192.95439,302.85034,226.5619,119.31997,168.75687,684.01544,187.6542,82.56412,121.86108,47.74178,92.70526,15.621672,153.54616,36.513542,57.23166,59.10682,23.730751,731.0289,697.5093,1123.751,1111.8956,1090.7714,1031.7876,920.2734,485.79266,877.6773,1038.4707,351.40155,242.317,272.15915,537.60406,221.7074,217.92401,233.29443,253.58078,217.32323,217.25853,110.35262,161.78767,100.170845,16.5351,35.57433,98.198494,30.210094,10.847749,116.96241,128.63466
251.50009,236.98972,244.45444,238.71582,251.84875,238.13345,242.77621,228.92836,234.69896,232.05702,510.4638,778.4773,469.87393,660.6829,584.8011,603.3148,504.66742,448.2653,746.77515,483.3542,38.32589,63.168507,97.10641,67.20306,221.5424,144.65173,195.60684,214.15233,439.68185,82.32395,372.17752,139.26726,161.30507,162.50327,293.55768,132.60028,158.27104,177.66649,195.82362,129.88312,215.04945,176.43121,163.98831,176.80077,183.1613,207.64862,218.33325,70.3158,143.01843,160.60646,177.9678,113.980286,178.82918,161.20618,291.55566,187.93756,90.82323,136.87064,699.4878,153.8911,77.44028,112.71738,58.687603,70.755486,39.014294,127.74531,15.00772,37.000412,30.038446,36.744766,721.7272,665.31213,1122.2736,1112.4976,1090.472,1026.747,912.3564,475.86127,855.5049,1036.878,347.9002,206.5972,255.32785,529.2627,194.90956,193.85353,212.37325,230.11153,185.53787,183.82367,114.76131,148.396,155.55956,35.437702,78.34477,36.567375,21.774355,34.076584,109.27839,72.4676
296.39444,279.9853,288.9257,281.69827,296.71548,281.1008,287.62103,270.9509,277.3649,274.66187,542.58685,811.8927,501.17465,687.92896,619.19965,640.93524,538.22504,478.61182,777.5494,519.7809,26.06388,62.972584,99.90527,67.381744,190.7272,151.08664,162.83788,198.84018,444.0537,74.94418,373.62344,191.67372,197.33832,206.1048,315.41132,166.89136,191.19307,215.80789,203.5193,169.9762,258.46912,217.00131,199.9657,220.12509,230.73752,252.1886,259.82727,110.51598,184.55193,214.34956,220.31322,141.95734,219.50478,197.13391,282.97784,231.55173,113.169846,170.16666,748.66077,190.4073,97.77752,139.61465,64.18201,96.79048,32.934704,161.57338,22.208075,54.101246,43.16152,39.464462,753.4733,704.7403,1153.8765,1140.078,1124.4261,1052.1263,941.6124,486.94965,887.12854,1065.1147,357.12372,249.14363,282.56818,558.4055,231.6412,228.41422,240.09157,258.20456,222.98395,221.7086,119.17038,179.06464,132.06252,24.501942,41.866844,60.782093,1.4666021,17.832218,73.58548,77.41441
305.8957,288.54733,297.54492,289.22778,306.05637,288.82602,297.39468,279.11658,285.50128,282.6594,553.4608,813.7982,509.44293,700.9088,625.8232,647.67834,549.2762,488.11804,783.0457,522.6654,12.860421,32.443172,87.73936,53.846947,164.30281,114.69808,134.27231,153.74278,417.33765,41.639404,327.85922,198.66365,204.19647,215.32639,322.5201,161.6997,201.0902,225.45726,176.28964,180.73528,270.65933,223.36267,206.92058,222.08553,231.07745,260.80984,273.7085,117.90173,184.24968,219.3021,230.44275,148.38397,228.10104,207.10315,286.04498,241.74303,124.129265,179.77954,749.2756,200.22894,93.062515,137.63986,55.828632,95.57433,17.037413,166.44125,19.463259,51.76929,57.59455,22.53391,760.7139,712.82086,1159.5143,1147.035,1117.2935,1062.7798,943.08167,515.6203,894.63617,1062.3262,355.8635,257.815,279.8345,560.89923,239.07654,235.40825,248.06786,266.91235,231.77736,231.60155,132.81345,182.38345,108.81917,4.3602858,20.064955,72.01822,14.982196,0.20034066,78.70635,90.798294
377.51672,372.71674,373.58252,374.9353,378.41522,373.52606,375.67157,368.40347,373.29227,368.78574,546.3914,703.558,498.8063,616.6301,568.5014,603.93353,518.3524,489.47012,702.294,483.77,155.7212,194.96024,256.9011,216.4936,204.4091,214.29588,209.10149,223.5769,267.7744,200.07684,136.06392,262.96622,192.44019,300.3067,263.4899,145.70174,292.52438,279.3798,360.52103,276.97443,337.0441,312.9349,299.82227,317.57416,304.81143,333.09128,341.24542,214.74547,273.497,299.54147,300.4517,251.59564,315.61142,291.66766,518.33215,326.7889,236.01709,278.8061,399.5974,294.00928,215.86458,275.9454,169.21451,203.11049,200.35474,258.1628,150.3812,165.49806,223.07906,181.14923,637.6014,644.04126,1024.9651,1022.7675,1035.6041,943.3584,845.4302,555.96466,819.49896,952.4913,464.9398,344.37607,382.8548,483.7946,328.37778,333.56583,342.61987,349.23065,329.86444,330.9084,242.0359,299.80096,313.55396,157.27612,183.68565,153.09709,175.89978,150.88206,252.04932,248.80965
352.45886,341.06982,347.24774,347.33826,350.9682,349.8191,343.6368,339.80103,344.06345,338.3159,564.8147,749.1314,528.5567,656.4586,614.59094,646.68713,551.718,508.89816,759.5302,527.6288,149.58492,169.05644,204.74922,170.78482,187.58238,176.74644,192.8333,197.16113,258.88895,170.74622,222.65234,236.80226,247.20052,288.2698,279.12454,159.33522,275.41614,266.42285,366.35754,224.11249,311.79114,288.50705,281.8437,294.42776,296.20352,305.73654,310.2579,201.7877,270.53342,278.13052,277.74036,248.41884,287.06927,277.40634,467.12363,294.72916,232.9903,262.71823,411.81146,272.1133,214.79002,251.7312,175.34996,214.81795,145.04854,248.96906,163.88217,184.56058,165.18497,151.66348,670.4188,691.335,1051.3281,1045.9188,1070.2435,974.82935,879.2144,558.18774,857.294,976.8855,443.39212,311.82144,371.98495,508.44223,306.2728,310.18097,319.51953,329.9741,298.52216,303.67023,233.8241,282.68127,197.14708,133.80896,153.96999,159.09688,140.7766,135.28621,185.21338,250.99666
