13.405291,13.868216,16.291956,10.748042,13.169392,14.3973,14.730022,22.470692,15.833414,17.832233,216.72878,477.4006,234.79218,315.04495,275.23865,268.03674,259.03662,212.71823,410.45178,240.86806,428.7561,553.0299,299.78305,382.50974,854.95667,565.7781,821.25836,846.08246,1084.1539,625.01245,739.11694,184.3078,616.3403,281.99982,596.27496,179.93185,288.63852,280.74265,517.0927,118.45695,29.319061,43.182518,56.095833,69.264404,101.583694,36.17848,42.490635,271.7662,107.31897,124.590645,37.061367,119.06889,26.546783,55.67809,826.67,20.12029,158.21628,84.6279,990.54846,60.227398,187.9096,133.16382,260.87262,188.17232,389.2292,81.42261,391.73676,274.51236,275.59567,365.23965,439.92523,296.8407,588.2899,613.5464,587.9622,551.26385,468.5683,385.60864,414.03708,610.00336,395.16028,19.63615,223.91467,498.45282,43.303974,66.08401,130.19914,139.58438,47.48116,43.126484,240.03793,71.22413,547.627,490.38052,621.3442,307.46106,459.30072,496.21533,722.46204,481.41214
9.076667,20.37255,15.705201,15.942591,9.353206,18.490402,17.916204,27.965725,20.91132,23.783632,216.76193,477.5599,237.34428,315.3459,275.2894,268.07574,260.7605,215.04579,410.61017,241.2075,434.1016,558.37683,303.40958,387.33688,859.9129,569.8401,826.18286,851.4299,1089.2183,630.3589,738.6681,187.70174,617.9745,283.62924,597.25134,179.57664,288.96964,281.43994,519.8656,119.993706,28.879978,48.632896,61.707897,71.750916,103.29932,36.181545,43.282917,278.72403,112.13116,129.09264,39.46191,125.59837,33.03684,59.230614,831.0834,25.784817,165.16637,91.6003,987.5765,67.228874,193.25131,136.95384,266.2184,193.4965,394.57556,86.933525,397.08298,279.85855,282.4877,370.58743,440.27835,296.96677,588.3826,613.6581,588.04095,551.3616,468.3293,382.90616,414.0578,610.12256,400.4571,24.01394,229.18521,502.01553,45.381184,71.69806,132.55878,142.01598,51.14874,49.085472,242.47998,71.19298,552.8571,495.7237,626.6897,314.23563,466.04385,501.5625,729.3568,487.99265
3.2185793,21.754515,15.091549,21.142336,2.7186446,25.154806,14.383285,31.908386,25.843704,25.949581,216.89801,477.73785,239.8285,315.26358,275.40515,268.1868,262.82022,217.86897,410.64883,240.93504,438.95358,563.2272,309.2171,393.90765,864.83765,573.82446,831.09564,856.28046,1094.0739,635.2101,740.6558,185.7978,614.487,281.3501,596.23987,180.48758,291.1708,282.65054,524.38434,122.513054,25.807426,52.79486,65.99734,75.46008,104.684326,31.861704,38.009087,277.60068,117.2454,127.83275,35.8177,129.35596,35.74681,62.22722,831.0162,24.375336,167.47206,93.333115,985.6442,68.96355,198.09871,141.56049,271.06958,198.33836,399.426,91.26788,401.9334,284.70923,283.38742,375.4372,440.30002,296.8988,588.5254,613.83466,588.24744,551.42706,468.63742,381.50226,414.04486,610.332,405.22784,25.92863,233.99355,507.48688,48.522713,76.02124,135.40279,144.85078,52.02103,50.15879,245.32181,76.394745,559.2311,500.688,631.54205,311.4319,468.31067,506.41122,731.92816,486.81897
18.14754,10.384172,17.597982,7.06543,17.712883,10.90405,14.491232,17.82031,12.001632,13.7857,216.66745,477.20947,233.6321,314.9447,275.15588,267.95755,258.25864,211.34944,410.347,240.9954,424.31668,548.59045,296.26477,378.55032,850.6903,561.76434,816.9932,841.6443,1079.7814,620.57367,737.31006,183.06595,615.4744,281.45593,595.6348,177.50761,287.82455,280.17017,514.2015,117.15092,31.601065,39.16525,52.822712,66.78993,98.696175,34.7302,42.98726,268.59164,102.27401,123.52468,37.98022,115.6147,25.384306,53.834137,824.7105,19.565248,154.7558,80.308784,993.5063,55.863907,183.46175,129.37802,256.43228,183.70132,384.7899,77.61858,387.2966,270.07233,272.3189,360.80008,439.7658,296.76596,588.18036,613.4122,587.8182,551.14795,468.48135,388.96463,413.99728,609.8601,390.78577,20.900879,219.50925,495.036,42.895668,61.54974,128.7816,138.16489,47.038975,43.95268,238.61053,71.204704,543.34265,485.94055,616.90393,304.48526,455.87595,491.77484,719.17957,478.64563
25.424662,10.3564625,22.627234,7.4705944,24.48931,8.943948,20.048117,9.961127,7.5379596,7.2600846,216.55476,476.9233,228.4892,314.7051,274.9843,267.7905,254.57483,206.18854,410.05344,241.06017,416.3824,540.6566,289.85983,371.28854,843.4371,555.5522,809.53064,833.70996,1071.988,612.6396,736.0542,179.12735,612.59534,280.11697,594.6483,175.38387,286.6275,279.31708,511.71106,114.01643,36.059006,30.404022,46.965992,63.976215,98.45845,36.107548,47.156273,260.1742,95.048195,119.34789,37.297035,107.52257,19.472258,48.736126,821.487,18.66132,147.04393,72.522575,995.98224,48.134396,175.52797,123.554855,249.54915,175.76764,376.85574,68.879906,379.3629,262.1388,263.94318,352.86615,439.41736,296.628,588.0035,613.1172,587.58606,550.892,468.2891,391.4446,413.90103,609.63995,382.89093,18.5714,211.58754,488.87814,37.855457,53.640488,123.38305,132.74649,40.57217,37.44432,233.16739,71.29007,535.47485,478.00717,608.9701,296.38657,447.675,483.84103,711.013,470.8344
21.198265,16.011375,23.234354,12.026194,19.968061,13.033323,19.91324,22.876066,17.84127,20.030243,216.58682,477.22598,232.94847,314.88065,275.0929,267.89838,257.36316,210.63025,410.2815,241.01257,425.90448,550.17865,295.90536,378.49188,852.2037,563.45355,818.7323,843.2314,1081.4982,622.16125,740.3276,185.02986,619.9062,281.49005,596.741,180.76285,289.2673,280.86505,513.95935,118.82674,36.259506,42.293392,55.980556,70.02737,102.36467,41.06561,47.050583,270.26248,105.597,127.66995,43.34955,119.4238,28.10298,59.317646,826.88776,21.415527,158.14017,83.683914,991.1621,59.350933,185.27597,129.42322,258.02,185.39285,386.3771,79.7183,388.88336,271.66034,273.85846,362.38736,439.74786,296.66888,588.1563,613.36914,587.8287,551.10406,468.60855,388.08368,413.85464,609.8274,392.2504,25.296553,221.0856,494.91888,45.14179,63.47893,128.07967,137.41467,47.039745,45.726387,237.90077,68.798134,544.38403,487.52716,618.49207,306.62698,457.43408,493.36313,720.7384,479.048
20.205877,9.707997,15.781239,14.599432,19.629625,18.688843,11.523301,21.50747,16.503736,16.197338,216.72462,477.29062,232.92398,314.96347,275.18,267.9857,258.0728,210.93674,410.326,240.75569,425.7132,549.9874,300.1327,381.9354,852.1322,562.7117,818.311,843.0411,1081.1088,621.9695,738.0658,182.39374,611.2307,280.51456,594.88306,176.36542,288.1263,280.80447,519.3133,117.94506,34.494644,42.162212,57.200214,73.21725,102.37538,33.124577,44.36052,266.1298,106.467575,125.06772,34.145985,118.35618,26.738886,56.48532,824.6192,19.024334,156.35533,81.97284,991.6962,57.570137,185.11195,133.17609,257.84094,185.40837,386.1864,80.6612,388.69296,271.4958,270.9346,362.19766,439.8111,296.81586,588.19403,613.44,587.8633,551.13074,468.4116,387.95218,413.97,609.98285,392.2073,18.94407,220.8369,496.54205,45.53901,63.029297,128.28719,137.7065,48.291496,44.52295,238.17325,76.845375,545.74786,487.36307,618.30005,301.1077,455.32278,493.173,718.73627,477.69125
32.2613,16.854372,25.35543,15.364407,33.67934,16.32714,25.921654,5.5026464,11.997774,9.442147,216.4479,476.7168,226.53476,314.51166,274.81876,267.6141,250.22508,201.52672,409.81265,240.70265,408.7194,532.994,288.3885,367.04272,835.79144,548.2673,801.8792,826.04535,1064.3345,604.97577,735.6694,179.28345,608.92065,279.4943,593.5757,170.68475,286.18274,279.49112,514.83545,111.25841,41.895535,24.404264,39.115284,67.37052,99.87365,39.27714,56.7188,252.0881,86.32682,117.4468,35.15863,99.584465,14.514406,45.88067,819.94434,23.157005,138.25356,65.44618,996.6232,41.313877,167.90428,118.52268,241.93521,168.32,369.19247,62.32771,371.69995,254.47536,255.8034,345.20282,439.20218,296.57513,587.8902,612.9163,587.39246,550.69183,468.09058,390.87473,413.5937,609.4722,375.48062,18.563587,204.01683,483.21014,31.185743,46.2838,116.33734,125.72556,33.836334,29.496412,226.08582,73.88628,529.3236,470.4597,601.3064,288.45712,439.62347,476.17722,702.8309,465.99518
9.113635,18.406832,14.394661,15.782332,10.637928,17.146519,15.638819,26.627668,18.933245,22.50385,216.7907,477.5587,237.24536,315.1396,275.31564,268.1074,260.8188,215.05026,410.52295,241.04965,433.51215,557.78577,302.71628,386.64584,859.6792,569.2768,825.92346,850.8392,1088.8079,629.768,739.742,185.43053,617.41516,282.08704,596.98346,180.39107,289.6731,281.98413,519.0294,120.17434,28.447,49.179035,60.975147,72.26039,104.82097,37.105816,43.41041,275.83392,111.45752,127.45987,39.887512,124.6613,32.104668,60.862568,829.7727,23.406502,163.2776,90.28444,988.1853,65.91477,192.73877,137.9059,265.62762,193.10194,393.98477,87.255516,396.4915,279.26767,280.48056,369.99573,440.0995,296.8536,588.4167,613.6756,588.0793,551.3408,468.4833,382.54654,413.97098,610.1277,399.80057,21.499477,228.57199,503.13406,45.78389,70.77008,132.55298,141.9697,51.089363,47.843414,242.43056,72.79559,552.22485,495.13678,626.0982,310.78067,464.60266,500.9699,727.96594,484.865
26.276403,9.789297,22.306759,12.204475,25.195223,15.8368435,18.357756,12.616455,11.680938,5.8654156,216.6281,476.99023,227.84805,314.73654,274.99557,267.81604,254.57094,205.85204,410.07538,240.76312,416.72903,541.0042,294.45422,375.14935,843.5933,555.4546,809.7014,834.0566,1072.273,612.98627,737.86255,179.067,608.6122,278.7549,592.7548,173.27116,286.74805,279.35422,516.4895,114.2365,36.55324,30.310102,47.051098,68.31228,98.863785,33.3224,46.779232,256.83267,96.36069,117.71745,31.134388,107.84935,18.894604,48.181496,820.50165,14.628829,146.41293,71.79977,995.27203,47.489197,175.87463,123.997826,249.43771,176.11435,377.20255,68.87246,379.70996,262.48553,261.10873,353.21338,439.46997,296.73627,588.0378,613.15765,587.64404,550.906,468.34384,390.80432,413.8854,609.7114,383.17435,17.05267,211.98534,489.41397,37.516243,53.88919,122.94312,132.338,39.988964,35.119835,232.74335,75.92635,537.72424,478.59296,609.3176,292.72836,445.9944,484.18756,709.62866,469.22986
245.71094,245.48335,245.58961,245.48807,245.71161,245.49551,245.59142,245.34488,245.45634,245.40851,60.026775,284.1655,79.00837,184.16852,99.753174,75.82703,100.50534,96.483116,201.13516,100.51356,510.5399,593.0819,434.92807,487.53494,738.0096,592.11285,705.6707,727.8413,962.6562,630.5404,675.15216,354.16232,646.69244,432.59177,573.25073,358.13614,442.89755,429.60263,583.96436,314.78287,242.6391,241.79892,241.04044,249.7984,251.9885,242.45877,249.71935,415.53342,272.74115,271.7995,241.12117,284.64322,241.29636,244.69868,732.9897,241.52403,319.06958,252.54166,860.4103,240.07025,337.5721,302.99197,397.46252,338.90442,483.9758,247.0748,486.1765,406.08282,405.42447,471.58365,295.8174,141.40692,376.5685,399.92935,375.9677,339.86032,255.72069,525.7239,200.6946,400.91342,312.0927,243.60214,249.24178,420.87625,243.91539,249.30652,216.49722,216.1084,245.45055,248.41019,298.0339,270.4152,543.4116,552.77875,614.49274,435.20486,525.42584,553.1454,662.75397,533.3481
446.9797,446.42316,446.6951,446.34637,446.97147,446.3115,446.66788,446.05502,446.3118,446.1988,271.24506,128.55865,274.3734,259.79764,229.2831,231.82468,272.09784,298.84274,173.74309,283.44727,711.392,788.9549,638.24384,688.2813,898.25635,787.60736,889.42773,909.0543,942.34503,822.1504,835.497,544.19775,825.1948,620.47314,737.2651,562.67554,625.44025,612.7791,747.8322,520.2276,444.4729,441.9385,444.40744,457.21878,458.5415,444.085,444.69562,622.8589,486.69904,477.3875,442.26758,497.30597,442.24164,454.80002,886.1048,442.55447,530.52466,466.0451,940.8002,444.8461,544.86676,506.76956,599.165,548.798,685.3006,458.57043,693.5088,613.25494,614.5172,671.9736,210.30998,232.78491,268.44257,289.33475,270.81403,237.86516,147.68916,703.1141,179.4495,285.5443,516.81195,445.19073,446.72235,319.7559,445.40173,446.6507,428.01727,427.18295,450.3972,449.88974,530.25146,473.6389,734.7798,751.0653,810.7032,643.1563,728.7668,752.0648,856.5117,737.14465
203.19934,192.81937,198.16286,194.93962,203.27734,193.51572,198.24522,186.2883,190.82886,189.3549,99.16258,352.11673,105.667435,231.90588,157.15804,150.22023,133.59914,86.85816,289.098,121.24324,462.16217,542.5679,376.40475,433.55692,754.2617,537.86615,718.63715,741.95,975.49255,579.24854,670.1146,316.82077,615.1619,375.99026,533.67926,293.23328,397.3411,371.0824,562.90704,253.5778,214.8727,174.85522,181.98451,226.10864,254.69795,210.05566,228.1779,364.42465,233.01057,271.05927,184.34926,238.51738,175.27687,196.68498,755.1773,187.04625,271.6849,206.09242,879.2034,183.44519,291.19034,249.28496,348.25858,292.49573,434.7528,199.2323,439.66034,359.40524,356.06653,422.97757,342.7942,194.58218,481.81558,499.5901,472.74496,444.68085,354.31732,485.92694,305.6465,490.37845,306.8114,186.58337,202.48953,418.70944,171.34146,183.34343,172.11546,168.30864,178.44698,179.3724,281.7204,208.66255,485.42908,503.0664,563.7879,382.47034,476.02966,503.9445,624.3788,475.63214
219.87926,214.12505,216.29962,217.94603,219.98463,220.7535,215.70462,222.27994,218.05365,217.88567,145.31718,352.97284,174.98775,152.24875,169.57216,155.43494,178.50461,158.31581,297.66873,170.44235,525.4114,605.29333,431.68033,491.983,778.0447,596.35614,746.12585,770.97974,1001.2649,641.57294,626.7089,321.6801,591,394.1932,534.3699,337.592,397.43262,390.31476,533.6492,298.33185,210.78133,235.89235,248.17058,257.75836,258.77893,213.62158,210.53903,424.50336,292.39038,278.98862,228.9618,303.66107,220.55667,249.08704,674.0505,215.5878,335.72577,270.42023,936.5084,248.18707,355.7449,310.91812,412.48206,357.02707,500.69772,264.55698,500.91782,422.17337,419.75916,488.05658,363.3345,192.53589,437.3243,463.0732,438.22318,421.81607,353.3638,568.3988,289.99222,481.01358,333.9108,215.99673,266.42255,445.12152,240.47514,243.19753,267.94507,263.17282,242.53825,240.46092,398.4911,266.6863,549.2238,565.50665,626.04517,437.99344,537.15076,566.7057,671.2117,530.3627
224.98459,224.70702,224.84862,224.71555,224.98848,224.64955,224.84477,224.5279,224.63597,224.62508,79.43307,294.08676,97.20458,163.32256,92.0954,86.04189,98.704575,102.35756,230.4039,95.01621,518.10754,599.45984,434.96085,490.77808,754.06506,593.4866,721.3801,745.2406,978.9236,636.6766,660.2103,339.98758,631.46,415.21942,557.9363,345.18094,423.79135,412.80194,572.4458,301.19656,222.00723,225.04893,237.69038,250.63147,253.0744,221.83723,223.50319,419.87305,282.84702,272.47522,227.39409,293.95154,220.55002,245.27603,724.645,220.72585,326.6733,261.29205,879.7192,238.59386,347.002,305.23654,402.53915,348.4784,492.25925,254.69624,494.34937,414.5154,410.63086,479.05612,288.06534,116.691246,412.48135,433.42307,411.7911,370.76456,292.3761,532.52454,241.00748,434.63684,315.81866,223.9511,258.22495,426.74817,224.29767,235.20865,225.73155,221.96422,231.80316,231.99687,340.4872,263.06778,549.2756,559.3271,621.166,437.56662,530.78033,560.3124,666.74133,535.9934
312.9001,312.60406,312.7456,312.566,312.90045,312.50952,312.74542,312.3374,312.52194,312.46527,130.40573,218.52466,144.3175,122.58175,97.240944,89.76839,138.63098,163.14307,164.13039,152.58162,578.5329,659.6069,498.72125,552.9656,779.53296,658.4413,767.77246,785.58044,939.9438,697.1168,719.126,402.73657,695.3932,486.95074,627.95856,428.1136,494.14273,488.81238,615.30646,382.67935,309.92575,308.5826,308.28513,315.5135,316.58475,309.69226,309.76004,487.30933,343.6684,335.14365,308.04257,355.7769,308.3437,315.5168,762.4832,308.62112,390.5737,323.9912,850.00446,308.41638,406.42346,369.50754,465.74994,408.5716,551.2169,318.68387,557.4164,476.07813,477.2729,539.0942,268.37704,106.47985,328.7892,352.97037,323.3758,293.68036,216.61572,593.46204,160.73827,347.2939,377.45065,310.73178,316.4128,403.86002,310.92978,314.05594,286.6888,288.20126,311.9298,315.26746,381.57925,335.37473,603.3458,620.0314,681.087,508.22195,597.0756,620.7981,732.4163,603.5839
171.61002,160.82382,166.48149,162.84604,171.65486,161.3381,166.61055,154.09709,158.67044,157.28464,115.03565,371.32104,120.3988,250.85928,175.09947,166.2248,146.71088,100.6895,307.56186,155.46236,422.44745,503.6776,340.13947,395.3604,765.008,498.61823,731.8577,755.9691,990.6046,541.8842,684.6529,282.1462,578.90173,344.9728,550.73505,254.85114,363.53812,339.4773,530.11005,219.71092,183.58188,141.96683,144.78433,191.20593,220.27013,178.87375,197.21811,326.88965,196.64883,235.62204,150.52945,201.23352,143.09732,161.45667,770.9303,155.19151,234.48769,169.28355,899.453,146.81851,252.98904,212.60681,309.48593,253.63962,397.2795,161.44662,399.70352,320.0671,319.774,384.24188,362.39417,212.79881,493.1856,517.1115,489.57068,457.67984,372.582,456.373,319.66486,516.1325,322.14926,154.41943,164.5625,441.43655,136.91406,148.92007,134.26984,130.37149,143.83255,145.06177,241.52538,173.38795,466.43588,463.39615,533.26874,344.00244,437.66785,464.24167,636.5781,438.616
214.96622,204.5122,209.84465,206.50853,215.02087,205.08232,210.05917,198.00096,202.47119,201.00363,109.007225,357.72467,117.53831,229.1019,164.78824,159.50311,140.19936,88.84345,299.03107,138.69191,469.64957,549.54913,383.7953,439.3133,745.76794,543.2286,714.0499,736.34705,968.6345,585.36597,664.95996,326.1096,627.16846,381.50223,543.6675,302.99533,408.32828,381.24774,570.1561,265.6803,226.7942,190.7745,195.08237,240.89038,269.9276,222.00468,240.08986,374.18274,247.96352,285.51886,197.4184,250.27322,187.0433,209.4693,749.3411,198.9254,282.35928,218.74585,879.01624,196.9221,301.58566,259.23163,355.90463,302.829,443.14624,211.90701,447.5676,368.43152,365.8973,430.79434,322.1243,196.16238,481.1664,508.0749,478.39273,445.4806,365.83594,497.09384,311.48,489.37643,305.7469,198.50435,213.25116,423.91522,181.19963,192.01187,183.03603,180.05127,187.77513,189.69254,297.33923,217.39063,493.22073,510.04922,570.40027,391.3963,482.36197,511.17654,621.46765,484.0212
403.70712,403.26657,403.474,403.32034,403.7079,403.46326,403.48544,403.21274,403.23273,403.09027,222.35678,214.38087,235.81726,231.03662,193.54405,190.9498,236.55597,247.68013,137.81671,247.80295,650.25446,723.2636,580.8406,624.8497,826.11804,723.0454,822.44904,833.5157,868.97296,756.8119,802.9095,497.18008,780.6723,576.38184,700.228,505.10043,580.48785,563.80145,717.8221,464.62344,401.06934,399.9637,400.63962,412.7543,410.91214,400.68036,401.32587,560.4658,437.0319,427.89154,399.27884,447.06116,399.21295,408.94543,840.0917,399.36655,476.91107,417.77972,897.1588,400.25058,494.6613,459.1589,547.2549,495.81216,627.05,411.6091,626.6358,555.0556,551.6872,615.9779,227.81747,205.01225,319.35938,339.40814,316.77185,284.22284,206.43608,667.3507,148.3524,341.5163,456.50964,401.83426,404.12283,355.55173,402.72488,407.59436,381.92166,376.9331,404.79047,406.4637,471.72568,429.47427,671.0414,687.5391,741.5378,581.39966,660.3128,688.2913,779.1729,663.40314
183.14204,182.93759,183.08728,183.05174,183.15385,182.993,183.04337,182.76166,182.91853,182.98001,71.79847,322.26904,101.2158,200.14908,126.999176,123.7496,122.0295,83.06425,265.77692,102.51939,476.0484,558.0965,391.12354,447.85443,764.5622,551.60895,730.8758,755.0614,989.2662,595.0121,664.33124,313.0066,607.6757,380.90927,533.33276,304.27322,396.28607,376.3089,550.3887,263.5234,186.15498,183.75952,196.26787,208.43169,229.30328,181.65552,199.69543,378.42645,241.5641,248.79076,185.97084,252.5829,178.80113,203.83293,728.9762,178.95204,285.5649,219.80177,890.6382,197.04623,305.37253,263.3048,360.6668,306.89383,449.7006,213.35211,453.97623,374.0557,370.83356,437.0282,308.7762,159.17526,449.99408,473.94696,446.3408,412.25375,324.2359,498.38507,277.9072,472.60245,317.59103,182.1514,216.84459,435.55475,182.5742,193.62663,184.13435,180.72408,189.5498,190.02318,298.4451,220.52179,503.53912,517.65436,579.0838,396.3402,490.13806,518.5701,639.0817,492.19812
274.25223,264.6481,266.4751,269.4646,274.3294,270.58862,266.68634,260.17328,265.61407,260.74176,387.57773,648.41266,400.11594,488.74005,450.8888,436.25436,421.5423,370.73834,561.96204,422.83334,205.33397,310.04086,222.66629,232.62328,608.8216,407.93533,557.99615,583.507,835.0218,364.91788,670.0903,281.62958,533.3175,359.8115,573.3043,165.40367,317.59604,355.6061,601.67584,240.72943,270.90057,250.30626,237.79512,297.56473,314.43542,267.19537,283.49078,230.00824,270.5742,306.33356,241.50609,209.25375,254.02689,235.71281,749.82385,261.87717,191.35939,226.69334,893.60535,236.09372,218.98503,251.92842,194.7381,213.08624,229.51083,226.65381,171.02727,179.05711,184.70262,223.78618,614.83484,481.66092,741.19794,749.8794,720.1293,694.51715,634.4733,497.46725,568.96106,767.5222,334.36453,260.44873,267.98038,613.45544,256.11188,247.2429,222.82281,218.51276,254.24442,251.46442,237.98802,272.81528,453.10132,245.73753,359.1287,144.3378,210.08484,243.94191,458.74252,292.2416
554.611,536.04504,545.843,536.49066,554.8083,536.31433,545.3523,526.1076,533.0069,529.90826,567.94336,808.09564,576.0977,676.0976,629.7595,613.1532,599.75165,549.9183,713.34924,602.09247,209.24516,45.228264,280.38867,214.05786,370.57593,172.75258,357.85495,303.1144,543.53204,87.50835,597.2525,449.56146,496.08682,514.282,566.7682,403.44092,436.8779,503.8602,530.2091,460.55118,550.57806,503.63034,489.93655,488.01456,484.50674,539.6052,552.0664,296.18512,439.77982,464.33908,522.1991,425.5818,520.68915,496.18146,497.66568,534.0586,388.94174,464.6114,755.40985,489.44165,361.60944,422.5762,292.24338,360.82602,209.79529,469.21915,192.41383,274.99646,291.72983,194.7176,785.17944,654.25336,886.2957,891.14514,849.012,838.3895,777.91425,760.91705,730.89734,894.5776,398.232,532.7555,378.06696,757.0019,517.46576,488.22498,459.2141,447.4317,507.6823,505.39288,438.47894,488.923,387.12762,134.87189,240.11911,276.22903,217.02061,162.00038,307.72324,287.77454
231.36633,223.08156,228.69174,222.42099,231.3989,225.38629,229.70819,220.19557,222.62793,220.3954,364.2868,614.118,369.00644,469.2552,425.179,411.46564,393.93472,349.2431,541.9055,390.2946,233.95848,339.44934,236.56651,241.10524,634.8039,423.4758,601.0734,626.3432,865.1203,407.34723,763.4955,335.6483,627.6594,341.9756,569.36035,206.03822,289.36728,333.4803,569.11255,202.4776,233.41948,215.23944,200.2299,255.20273,274.22653,234.60793,246.80157,245.20375,247.39505,280.07755,217.76607,182.90105,214.2042,207.04013,786.1135,220.88763,173.73837,197.42618,913.10657,202.10999,172.14749,180.62555,149.98096,198.16467,224.06445,195.0728,233.06378,188.52753,158.69296,197.07056,606.7337,438.62604,723.87384,740.28534,700.73004,668.5865,594.3483,459.82684,547.7241,736.3721,344.83234,221.28227,241.70132,591.6665,210.84729,192.06377,194.0539,203.43768,210.4198,202.39545,213.81976,190.50679,442.73068,287.35526,402.7925,222.79375,273.30386,285.8199,526.0964,380.29092
410.8187,393.946,401.6313,394.94614,410.87363,395.20126,401.70004,385.16653,391.8002,388.1083,477.38788,724.0666,487.72192,586.6187,539.86115,524.53534,509.78372,460.3326,636.66626,510.69214,87.33981,193.34882,186.71631,113.97284,475.28876,332.22693,438.53128,451.88055,708.58093,235.14717,657.78815,318.91696,532.45294,374.99738,551.1355,271.56042,330.17746,382.0922,552.67224,314.9008,406.8721,363.64554,351.32922,351.77206,355.63385,394.6102,408.1236,223.17955,303.37793,344.21216,377.6919,292.69482,379.53146,351.45813,681.5745,392.4263,259.75403,328.5956,879.9662,351.195,234.80113,294.083,167.0863,231.16743,87.61114,330.63013,80.77413,150.28593,173.30586,97.17976,703.3377,564.15204,807.7096,816.2923,774.66614,767.2541,696.3786,620.48505,644.63226,823.1951,338.25867,390.3485,296.71878,678.9515,375.91888,349.82135,322.7767,312.24533,371.49896,368.1873,301.75156,357.39536,365.9129,112.48861,247.24052,160.8166,152.70499,110.12378,352.9779,277.97244
791.3316,774.9842,782.0575,776.2912,791.3885,776.5769,782.1084,766.52875,773.07684,769.2777,681.1679,880.30273,667.4395,756.87537,714.0182,700.72833,682.9738,670.251,788.88666,684.8364,404.32608,352.24896,540.2527,457.22858,143.47397,399.60748,134.59894,195.11603,429.0064,287.1673,646.3605,696.9032,737.0428,746.0625,611.36816,634.0244,658.70154,712.2916,830.8422,693.4157,787.45105,745.3818,733.4103,734.66595,729.88617,775.1546,788.621,569.7133,686.1826,713.60394,758.0733,676.4305,760.8361,733.7703,673.986,773.6081,644.5708,711.4156,550.8733,733.3451,620.6455,679.67316,554.2062,615.86664,449.3516,712.8919,441.95712,535.74994,557.1808,464.62543,852.78754,739.1727,966.16,972.11426,937.0987,929.8509,875.0894,978.93,821.6314,974.7831,457.4455,771.3282,599.79584,802.969,757.509,728.38745,704.8491,690.7767,754.28015,751.68036,661.1944,741.7535,400.96545,352.86523,289.47247,543.5622,393.00806,349.9188,201.35014,411.6911
582.76556,565.8486,575.4702,565.58154,582.9122,566.1433,575.00183,557.13574,562.9866,560.2213,580.22473,817.5806,584.6502,684.5961,638.7094,623.3653,606.45215,560.34766,723.0975,608.13074,320.74445,138.40923,383.7562,327.5815,397.3134,135.3564,381.58725,298.52158,540.03357,146.66151,652.6195,503.67218,547.3821,536.59607,579.5823,467.34622,453.99194,568.3012,560.30237,489.7499,578.9121,535.7055,523.37506,520.7003,519.26575,569.956,581.0399,355.6091,478.0548,502.3016,555.33264,467.01773,551.5902,531.5087,481.3532,564.46796,438.21936,500.71,724.6247,523.2648,408.1313,450.06616,384.5899,409.7295,317.8074,504.6995,310.71158,356.7099,392.47067,294.48975,790.5161,659.07086,897.63464,915.7302,867.16296,848.2084,789.14624,788.831,746.8682,907.0317,427.31638,562.3653,394.52396,754.7585,547.98065,518.6838,495.03766,487.917,538.54407,536.4157,520.8254,516.2173,424.54623,253.5164,290.8454,371.06473,330.00504,277.1758,343.6142,367.8446
857.1133,839.13007,848.8581,839.41003,857.25275,839.5437,848.3723,829.60016,836.37537,832.9903,742.08167,914.6536,722.95526,788.889,745.99976,732.3638,722.86707,731.69525,818.36707,727.3142,429.5831,367.9159,570.7816,488.83395,80.5017,412.31583,68.99071,178.43501,402.54004,298.87662,724.0796,761.12964,825.1508,826.8263,710.8396,702.07855,740.372,781.09753,877.8234,770.98126,853.13885,807.21686,794.0869,792.70667,785.6941,841.64825,854.6426,608.3813,745.31635,770.36,824.55835,731.7193,824.096,801.15497,684.85626,837.30566,696.3349,769.67786,543.9221,793.7939,666.8964,730.40356,595.8741,668.73804,474.20453,773.0938,471.46594,584.09216,588.8907,496.38986,886.3304,769.9304,988.909,1009.30634,965.88116,951.2285,897.27155,1045.4614,849.6545,997.05444,495.92804,835.66925,650.3915,843.49976,820.56665,788.51764,762.0772,750.7691,812.1599,808.8258,716.5881,790.55524,369.67538,376.10825,255.10007,577.2093,411.79523,371.0086,169.01595,414.06442
784.8851,767.91486,776.92365,769.45264,785.3936,769.1674,774.8558,758.4103,765.2805,762.10876,673.6659,906.45135,674.47174,765.675,723.3902,704.69336,692.41565,663.17737,798.63184,700.29724,440.60077,273.2483,528.6733,449.23438,221.95634,311.25018,208.83978,118.102554,357.45804,229.2639,660.53345,672.6915,654.4718,735.7083,604.693,645.9955,657.2924,702.9541,745.2245,687.5151,780.64624,737.81555,725.21765,726.4231,721.84503,771.78143,781.8409,514.8004,678.7289,685.5355,751.6073,663.9295,753.17194,728.8851,515.86176,763.5732,624.0687,698.13104,526.18176,721.8765,613.6759,671.0551,550.03436,606.034,448.87665,707.054,409.62927,520.39996,506.2455,454.8192,853.60876,743.5937,973.61475,979.0183,957.762,925.83154,882.6044,974.6513,826.36096,985.57263,469.75372,764.288,592.6728,808.95715,753.07965,728.04047,694.1447,682.5263,740.5383,735.9001,662.48065,732.3591,435.53323,373.6143,359.25797,490.52545,426.82108,396.8201,219.98494,375.46326
1023.2498,1004.7242,1014.48224,1004.9449,1023.38666,1004.76434,1014.0134,994.8057,1001.69214,998.3985,902.5077,957.68567,885.35364,874.46497,879.00385,884.47284,876.4383,893.98804,851.2631,886.00116,645.9101,471.02725,735.343,659.0119,308.7921,487.12143,348.5048,223.79929,116.75688,420.27573,835.4923,918.6195,907.70935,982.26483,859.7076,868.9101,902.33496,949.5605,959.60736,927.9535,1019.20184,971.99805,958.48047,956.10895,952.67755,1008.0974,1020.71063,765.52454,908.03864,933.5187,990.689,894.3497,989.35364,964.87476,638.50916,1002.7201,857.7369,933.35846,344.14587,958.1505,828.8845,889.8516,756.5849,828.64404,658.2675,937.35785,649.1399,742.3647,755.5956,656.8215,921.2541,875.1702,1022.97375,1043.2456,1007.48566,992.57764,939.5009,1043.0557,888.8496,1042.438,678.1159,1001.28766,811.92334,849.3849,985.86285,952.935,925.5397,914.8067,976.13293,974.0386,892.10583,956.7129,603.4176,575.5391,555.3311,740.83606,658.92816,597.23267,443.2481,624.3946
606.6229,588.0988,597.85785,588.3192,606.76294,588.1386,597.3892,578.18134,585.0681,581.7744,595.4269,832.7419,601.8371,704.1273,655.7709,640.21716,626.0386,577.30756,736.6313,626.7238,214.05598,63.968704,311.49506,233.00311,306.61182,177.70515,292.19043,252.19447,513.64014,53.046463,605.03656,501.99493,528.83417,566.8186,577.495,452.4586,487.10358,544.55493,580.3495,512.7629,602.5776,555.37305,541.8551,539.48425,536.0516,591.47144,604.086,348.9009,491.41364,516.89417,574.0635,477.72485,572.7308,548.24866,508.6027,586.09406,441.11267,516.73303,703.1985,541.52515,412.2587,473.2269,340.02942,412.0191,217.89044,520.733,212.47502,325.74863,331.8454,236.98294,803.34717,681.23975,905.68774,916.668,874.5819,863.8693,803.8326,810.2074,757.0976,914.77545,404.16614,584.6625,406.80017,780.4515,569.23645,539.41986,510.67163,498.68942,559.50806,557.41223,481.5778,540.0876,343.15964,139.78069,186.68687,317.97708,225.75699,166.0374,252.1862,272.00714
836.43396,833.28595,834.7069,832.7001,836.5204,836.2958,836.3425,833.2589,834.1222,832.26013,751.7964,896.3307,737.00073,761.70306,744.4802,733.05896,736.074,754.6937,852.91156,732.58673,772.1293,677.5868,843.81854,787.27893,718.6687,624.67377,721.31134,640.48566,892.45764,654.58167,580.9314,888.4365,667.6535,786.3632,632.5249,785.3629,692.1089,781.6098,788.3704,794.34186,827.08984,823.56036,829.7535,811.968,780.6113,820.0761,822.40393,800.90564,793.83746,804.74976,830.20654,819.5887,830.52856,827.1328,787.7795,833.14136,816.9977,823.53625,862.8514,827.1095,793.6996,809.2583,780.327,793.85803,775.62946,818.41675,778.30005,787.9233,812.16815,750.498,915.47424,752.8857,970.09344,1005.9207,977.6169,946.6905,909.7195,990.3414,856.38165,1009.8974,722.7316,833.98206,753.7385,899.9154,836.06104,814.5007,823.94794,815.266,841.3114,833.28595,864.7777,822.769,868.92584,731.2339,777.9094,807.95667,805.3264,754.55133,762.0806,880.8286
157.36485,154.70761,159.72421,150.31825,157.73174,150.35272,160.0339,152.8126,152.79799,154.0286,305.2537,539.9108,321.1343,384.27902,353.59637,342.80127,349.29477,301.64502,473.9175,332.13104,360.81448,484.5261,267.88712,305.3468,783.2761,513.968,750.0052,776.74054,1014.50446,556.4798,735.04913,205.0401,659.83044,284.18542,577.62134,219.01097,255.87314,237.27362,436.57858,157.99646,149.35689,147.30692,151.22937,132.26372,157.39574,151.55638,146.3965,243.53653,160.22829,177.81165,157.66203,170.2047,151.60316,152.59804,765.66766,152.06395,186.26692,152.09975,1014.7524,148.48897,162.80365,138.5973,212.6466,184.26433,317.1119,150.49782,339.5085,238.57106,243.74025,293.21463,536.1702,373.69473,642.5433,668.1547,635.31354,608.2056,531.6253,457.27057,477.4589,655.40924,392.48526,155.1618,231.19347,539.68915,156.45218,135.14243,194.06625,208.7171,152.3993,146.18149,283.73773,122.54823,486.9926,416.11642,546.8288,290.55856,407.3313,422.00156,651.9111,439.33408
613.0222,608.4734,607.43964,611.3281,612.96783,611.9449,606.42645,606.3789,608.9835,606.4605,618.1473,841.6594,642.4847,665.6072,662.4257,644.3035,635.508,607.19403,771.4035,653.31055,578.2774,500.58585,588.8246,561.63477,815.47437,518.3922,803.2276,735.52594,981.1121,533.2661,470.22656,489.11835,98.91616,516.75085,566.5494,547.64325,498.14127,564.615,539.92395,567.94025,600.255,597.31445,603.85693,581.339,563.655,593.1654,591.97034,479.62875,556.491,534.37463,598.9627,590.4118,605.14905,598.1404,653.3618,606.3211,582.3936,594.52765,1037.1289,599.2825,579.8637,604.84375,580.4196,558.6694,556.7518,592.90564,518.4618,524.65204,580.0729,533.57947,819.6883,688.9972,907.44653,902.39014,885.44086,876.07477,835.1391,856.2487,767.8241,957.96655,635.77484,607.36597,533.46484,835.455,618.7437,610.9213,599.59143,583.42804,614.4555,612.74725,651.8384,634.18756,718.9275,544.4345,679.2602,516.9334,596.56537,576.669,714.3047,617.1329
329.31204,326.40134,328.7504,325.672,329.29602,327.6882,328.87576,325.04056,326.0788,325.36646,448.86893,684.3569,464.50864,521.5524,497.89124,479.57248,471.65387,443.64316,623.2793,475.4821,444.80652,517.35114,422.93768,388.192,815.02954,550.4799,781.8928,810.4048,1047.7993,589.5042,679.52374,327.80264,541.34216,376.152,478.75027,298.72733,273.87372,253.62694,503.1595,295.04092,319.8057,318.84436,322.6149,300.54102,289.33087,318.8685,316.9208,282.11234,299.49332,281.75195,323.65204,314.29697,323.02127,318.46228,766.5572,324.32867,319.7554,316.3811,1042.3871,319.56097,305.3766,309.78073,349.70303,304.4596,398.53555,314.37372,383.3429,328.68454,352.69177,341.10553,656.48126,511.2748,768.4972,812.539,765.19037,747.2328,663.121,562.89276,616.7227,811.21277,505.48523,326.3834,358.29675,666.00397,329.36642,312.35043,316.73468,323.49982,328.1241,317.9129,411.84036,314.78845,626.16907,448.72916,624.009,354.94635,487.074,477.6022,674.22125,524.2655
593.81946,591.28754,593.1279,590.5079,594.1243,590.5686,592.9527,590.1981,590.9428,590.5344,578.87775,787.00165,593.1178,649.8478,620.41296,618.76917,603.49255,573.16296,726.3048,605.7129,591.50824,555.00574,546.76685,523.72675,698.92737,605.29297,666.4399,697.1655,933.67004,558.5262,496.63614,555.13007,622.01105,590.7679,395.6474,563.78986,510.74017,528.7696,596.02814,579.5867,586.2707,583.9788,587.7914,567.4036,555.16516,583.2353,581.49835,554.9634,564.51654,566.8579,588.75305,579.57837,588.1806,587.8733,801.7566,590.14417,577.0135,582.21765,876.1074,585.1466,563.7859,577.5935,551.10767,561.58246,555.4837,580.01685,546.4256,551.56067,571.0691,537.0784,774.8872,633.2535,864.9065,872.9163,880.54095,835.1577,804.22363,775.3219,742.0058,876.69965,586.1749,591.53204,525.6503,783.2794,595.45874,577.7023,580.0484,572.6666,591.4631,592.5231,618.237,580.2533,600.72253,546.18774,623.3568,552.4575,612.61017,579.899,604.4856,615.3266
165.64314,159.74387,164.67847,158.16136,165.89447,155.50786,162.54314,155.36668,156.64244,157.67896,322.65393,579.9482,331.75705,422.41092,385.01834,372.17917,355.38885,303.6737,494.79337,348.97607,321.19147,422.03943,182.96127,261.04855,741.7563,441.251,704.8968,714.9648,953.33594,493.98972,749.4421,160.52858,609.65704,242.91797,574.19604,203.29555,274.42493,292.68344,522.2718,134.35533,162.20168,147.67929,143.42458,163.77237,209.57669,165.06944,162.69957,203.69258,175.5668,203.99977,158.60701,144.11311,152.07016,151.56664,765.8777,153.98216,152.57341,135.533,955.05707,142.04874,161.21844,115.25305,218.31812,162.03564,266.54044,137.35268,275.62915,211.10782,192.03207,261.2183,546.8759,416.56485,685.7378,707.6251,673.18427,648.28394,569.1041,442.30438,518.51654,695.9263,359.43335,155.6644,213.72005,525.33936,153.9929,146.45662,173.34978,187.89763,141.41689,146.4408,257.9426,128.36403,414.85364,355.71362,484.22476,195.02179,323.6863,361.72775,583.38385,332.88098
264.81055,262.2203,263.211,261.17334,264.50012,262.44064,263.01108,261.2738,261.75418,260.89874,404.5148,627.891,416.71915,476.61926,451.60263,439.5156,428.61414,393.2417,569.66113,427.24283,392.7687,458.6315,325.06882,314.00937,764.19104,457.52426,740.5816,750.6534,988.1173,529.58325,667.85846,225.55362,581.0681,225.8608,579.0593,226.06903,252.85481,335.28555,497.62408,228.7711,256.12628,254.05568,258.47836,234.88739,231.80447,254.7207,252.69745,266.0622,232.14833,250.65121,260.16486,253.32428,258.75034,259.99448,752.37537,261.30707,272.78848,255.21649,991.0236,257.0877,255.89246,242.73964,292.9043,242.72334,341.46826,250.95432,333.12094,272.17886,336.96637,303.4854,609.31134,476.15103,723.5066,751.4004,705.71063,708.8362,628.0899,518.2958,577.30023,752.75653,456.8275,261.3034,310.39606,627.1651,264.3269,254.98454,271.988,281.57904,260.5517,266.79422,369.23816,251.8862,554.5874,393.0003,547.54175,290.89456,448.55646,405.72986,647.6687,500.14444
266.3486,264.88406,266.14438,264.85297,266.58292,266.12338,264.8652,264.29324,264.7332,264.1274,399.9728,642.96686,409.22095,482.57678,454.0497,441.4249,422.33444,390.86072,572.88306,427.87335,433.80676,517.2793,362.8878,359.0706,795.45233,503.58182,762.1348,789.65405,1027.9756,576.2979,744.09045,242.29922,576.8127,260.6994,611.2029,241.1835,273.40512,307.4661,538.7563,252.09416,260.11923,258.954,261.35098,249.55887,256.71594,259.93732,257.74707,287.9917,251.21121,262.03226,261.44604,270.0026,261.17,263.51984,779.3719,262.34683,289.6684,257.3531,985.1607,259.0795,283.37595,266.7105,330.77896,270.9372,386.19952,255.83177,370.41452,304.8879,341.03986,361.9756,607.83777,469.67636,722.28644,760.06555,735.2029,694.915,647.7987,511.58704,585.4469,751.92163,465.7502,263.9815,314.33987,617.695,267.37238,261.96344,265.86356,272.5121,260.80286,261.90735,384.67194,255.13411,583.1911,457.80377,577.7915,294.01257,465.716,464.38425,655.1869,493.56476
498.96887,494.12466,492.90753,497.6459,499.03433,498.81918,491.83063,492.33505,495.1062,492.22058,553.6499,775.96136,579.8596,600.74786,597.51984,578.2503,575.915,547.59766,710.4426,591.86053,535.55774,492.5462,523.7127,522.50226,832.2132,533.2483,821.26874,777.9392,1017.12646,558.17554,544.30896,389.64035,166.37674,386.15814,530.92505,479.87048,429.90335,484.1412,475.94553,467.3189,485.70035,482.126,489.3511,469.08127,443.21625,477.2054,476.84427,389.02972,437.19382,413.19666,483.89197,474.65002,491.11655,484.15695,662.622,491.76236,465.74164,479.16656,1091.611,484.38593,463.56793,491.47934,475.0933,440.94315,489.1543,478.27835,476.0219,437.6189,467.31595,457.19702,765.73584,626.2956,843.6179,848.09985,815.26166,819.71783,770.3064,754.9122,700.81213,893.70593,598.61383,493.29898,466.70566,785.893,505.60117,497.70746,487.37332,469.93726,501.07166,498.63065,550.3643,523.17566,712.3321,522.5666,700.6114,454.0402,568.84265,554.87714,735.48315,597.9233
105.830925,101.32519,103.34321,100.78255,105.94993,99.865715,103.58722,97.533585,99.60113,98.66581,279.58768,539.1832,289.57697,377.2316,337.51892,329.9496,314.6439,261.69495,460.667,308.993,357.53577,481.79813,253.982,337.54678,788.82886,506.45566,749.0078,774.85114,1012.5843,553.7816,726.2065,179.83447,580.4939,263.1052,578.54285,183.12769,240.13362,280.90707,512.50134,93.30429,103.741936,92.09162,105.23745,130.51433,157.67351,99.91691,111.685646,229.55632,131.29453,164.98674,96.34379,114.835724,94.38087,92.90017,797.1257,95.41629,132.80244,103.37375,1004.3805,100.514015,151.39871,122.75366,209.82207,153.23207,321.04825,101.743004,326.80942,215.40375,215.59181,291.37006,519.49884,369.1819,646.2522,668.3217,642.2585,599.62787,536.66974,411.68048,473.83255,661.21686,359.0241,97.87759,216.41197,526.99164,108.5581,108.31587,160.76369,169.63376,110.80809,103.07792,228.61787,109.37362,498.29782,413.14786,544.1124,259.4806,379.479,418.98276,643.2764,437.5327
28.77049,28.766426,29.637554,29.672554,28.449526,34.919308,26.193933,35.653774,31.86518,31.032715,215.59538,475.1045,247.91705,312.3544,272.35605,265.08984,267.45,225.99377,407.802,242.82086,426.83746,551.11115,300.94934,382.99384,853.2041,563.5543,819.3913,844.1652,1082.331,623.0935,729.76013,170.98361,598.4731,272.93988,586.4432,173.48157,280.26154,274.7829,507.30472,115.71857,15.0835085,41.81622,68.139595,63.77772,83.663795,15.444931,23.416723,264.27466,105.84326,105.357635,43.13198,117.600845,40.504528,64.56331,807.51733,31.182207,155.20905,82.49208,1002.93176,64.70331,185.98296,133.38405,258.9542,186.22887,387.3105,82.77607,389.81796,272.59375,270.38983,363.3215,441.78458,297.9386,589.69775,615.07947,589.42145,552.62915,469.74924,400.30133,415.405,611.95844,395.47034,33.22266,223.9781,501.36365,59.50186,75.28318,145.62114,155.02132,64.35087,58.313145,253.53706,90.90178,546.8591,488.4852,619.4248,298.88654,455.52042,494.29465,719.19684,475.6242
53.20316,36.031868,46.664925,34.830166,53.2437,35.520145,45.308277,25.145273,32.21178,28.298996,212.87419,472.56912,223.12857,319.01276,271.33047,263.98502,244.99557,197.85966,406.36404,245.80453,387.79462,512.0686,274.63217,350.02054,815.4619,529.5821,781.4282,805.1216,1043.494,584.0515,728.3026,171.77989,599.646,273.37286,586.81,160.77039,279.31546,274.41476,504.62338,102.48378,50.590042,3.7713256,29.417871,55.87873,87.09121,41.766827,60.100212,234.09958,66.795,105.26853,33.975006,79.68441,21.999777,42.8868,806.9975,36.046078,118.843254,48.090084,1003.896,30.6729,146.93993,99.84849,222.46104,147.22896,348.26758,44.994183,350.7748,233.55083,236.89973,324.27814,445.0845,300.61884,587.97455,612.8674,587.3951,550.7698,468.2183,402.26877,414.09366,609.4011,357.1291,33.883682,185.49843,467.8858,35.759655,45.355145,107.83921,117.19527,37.844803,30.53314,215.54213,73.2654,510.45468,450.01877,580.38135,271.45694,420.05646,455.25085,683.29,450.92117
50.64014,46.77099,52.48313,46.521465,50.1222,45.875854,50.062912,42.728683,44.13155,43.856537,216.47423,478.6405,228.58266,327.69583,282.05865,266.682,254.95256,205.03589,406.34882,254.02077,394.33322,518.60803,270.79376,351.54932,822.8577,539.8098,788.7296,811.66095,1050.0339,590.5913,739.8074,173.03233,616.63257,278.46008,593.3607,168.6922,290.7034,273.63855,510.31412,117.39152,65.80316,40.413525,28.6318,77.409775,114.91791,67.27919,77.4493,233.91563,91.86315,123.8514,40.680153,85.79155,34.65764,41.70115,827.68604,39.800137,124.654045,51.097733,978.80914,31.818327,153.47948,110.274376,231.12686,153.71893,354.80725,48.75127,357.31497,240.09027,239.3055,330.8184,454.4214,310.98016,588.27246,613.5295,587.9082,551.1104,468.71954,380.44614,413.73523,610.5842,362.6649,40.388935,191.77054,479.5605,27.158598,48.625122,89.391014,100.030136,21.785564,28.285528,196.86792,53.16524,513.7174,455.95798,586.9201,272.9167,424.06644,461.79196,687.56226,444.42395
76.0218,67.549835,71.87843,64.280014,76.83413,65.76456,70.46271,62.915462,65.94678,63.026207,226.36278,489.74677,249.6584,338.6107,293.0438,276.4602,277.68924,228.82397,416.16086,267.28552,372.80246,488.2074,296.90393,333.89133,793.3453,508.71027,757.47424,781.2605,1019.6317,560.1907,705.60095,145.66682,561.1666,259.9068,569.5676,174.98846,259.3323,265.27756,477.75003,133.48627,74.766266,51.566723,69.32921,33.73943,50.083954,63.385246,76.19136,209.44435,41.685448,60.600746,66.20945,98.82301,66.30535,68.42187,761.09955,68.07015,133.52922,71.69009,1048.858,67.7851,139.37053,130.14928,227.76628,124.47167,324.4069,72.27368,326.91434,209.68997,249.72055,300.4178,465.89218,321.59427,586.5593,612.1763,586.267,549.7683,474.01126,443.56854,413.73187,615.5476,375.69177,70.164055,197.14148,495.8168,82.93151,91.444756,136.87352,142.34135,83.73365,77.612274,236.76521,121.00737,528.3371,426.9127,558.1185,248.8357,425.48996,431.3915,659.10974,447.93878
104.15756,99.88402,103.19533,100.20635,103.65307,101.89956,99.34515,98.37166,100.97923,96.90822,246.06204,490.09845,281.56107,343.03104,295.30954,274.9603,300.47827,261.4948,413.57065,293.37973,404.2564,496.2125,328.36377,357.10773,801.05054,517.82544,766.8003,789.26495,1027.6364,568.19464,701.7293,140.43546,545.7721,250.90172,558.82074,203.44606,255.78249,268.97495,461.094,162.34833,86.49916,87.18113,103.22589,58.32577,24.87978,81.4621,72.758934,206.07487,60.89115,33.68331,94.070625,129.3124,101.04188,100.46769,733.30835,98.03266,162.2344,98.330345,1072.3373,97.93571,170.82326,157.89154,258.51,155.92429,348.3375,104.63588,335.21262,232.69301,274.2364,308.42218,480.08563,324.89334,586.2388,611.696,585.7333,549.0591,470.66483,466.37936,412.63522,613.31006,406.55273,102.91229,228.00319,528.5014,120.80168,124.439705,165.55452,175.52318,111.51312,108.462,268.26245,149.1924,557.7915,434.7838,589.5702,268.1164,452.6003,443.1621,663.3661,466.2205
32.958492,33.929676,30.311693,32.741016,35.067497,35.475155,30.825367,34.92539,33.21903,32.284813,214.0424,474.8812,246.1578,312.14496,272.18222,264.93115,266.09604,224.28339,407.6302,241.19543,420.63254,544.90643,295.3457,378.5701,847.425,557.828,813.5479,837.95905,1076.2848,616.88947,727.69977,167.15724,595.63794,270.61316,584.8489,172.95671,279.98233,274.12985,502.90402,115.878296,22.409174,42.08957,66.41104,60.830982,83.23587,18.060266,28.082045,258.51904,98.4452,101.061745,46.646893,113.06057,40.672493,66.96789,802.9483,32.155178,148.41588,82.367714,1007.3341,64.57158,180.28523,130.77783,253.15723,180.80731,381.10522,83.39165,383.61343,266.3885,264.39575,357.11588,441.49295,297.7178,589.5216,614.8622,589.12476,552.398,469.3473,403.22406,415.35773,611.77655,389.8207,36.302155,217.98573,497.10248,59.14971,74.06031,143.86548,153.23389,62.99378,56.718987,251.74461,95.68541,541.39215,482.45886,613.2202,292.35522,449.4015,488.09015,712.99896,469.4416
35.62618,46.164074,41.935284,42.19059,36.863735,45.666763,41.186996,51.006367,46.34294,47.917698,231.56053,475.72467,263.54657,312.51974,272.38403,265.01193,277.9634,241.69556,408.10754,258.38477,434.41748,558.6916,303.11124,387.95145,860.6688,569.9881,826.88214,851.7458,1089.8081,630.67365,725.2795,166.8014,595.6755,270.9742,584.86273,177.3697,276.45068,273.25455,498.59464,121.57819,19.93715,58.005836,83.537605,69.240814,75.68013,26.829361,8.952383,272.96555,111.57631,99.333694,58.588253,130.48143,56.262386,78.72336,800.37787,46.39791,163.90688,99.64328,1011.4695,81.75236,193.58214,139.83868,266.53473,193.8459,394.89127,99.31265,397.39877,280.17426,278.85236,370.90182,452.32526,297.9885,589.9721,615.5014,589.7126,552.95703,469.96796,408.02362,415.46606,612.6582,406.94424,48.855125,231.41751,507.35083,75.65747,91.55817,161.76495,171.10747,79.632324,73.84107,269.68918,101.88335,553.2249,496.042,627.00604,306.81635,463.708,501.877,727.3071,482.21072
202.80199,184.26784,194.13522,184.46614,202.90834,184.28624,193.67203,174.32726,181.21814,177.91988,325.61063,583.6816,340.10507,444.05563,395.1584,376.88724,369.389,315.96695,501.53098,371.0879,284.72836,360.72443,233.46306,258.41672,670.09326,403.6979,635.1471,653.77795,892.149,432.77234,673.81995,143.55104,546.262,273.47208,545.08563,184.42691,252.72517,264.85678,434.62048,176.61325,198.7843,151.5198,138.20013,135.89105,132.1996,187.65765,200.23114,111.001045,94.86402,118.30312,172.21024,104.95477,170.87508,146.39546,707.2187,184.23976,109.56479,115.77624,1071.2654,140.12119,93.348465,105.50194,165.26213,78.52633,235.49004,121.32652,219.96452,128.22452,188.21356,184.30911,555.8652,422.08234,662.3245,684.2702,631.31824,627.3502,551.74274,493.11813,492.28534,681.81604,319.33728,180.86667,164.70784,549.46704,166.33588,143.03452,160.5236,165.73744,155.70624,153.6382,239.38258,142.39453,456.506,299.47137,470.04208,199.65993,344.63428,323.63565,537.2015,385.27652
130.54907,113.22165,123.513145,112.86671,130.55183,113.04614,122.60604,103.349075,110.66602,105.80224,266.952,528.12274,280.41095,386.95978,337.94742,318.24622,308.99734,257.6798,448.96097,314.36227,339.07407,433.10526,279.46625,299.14325,739.2762,461.75366,704.8692,726.1589,964.5315,505.08826,699.1255,148.84688,558.2759,255.31671,563.12427,183.44719,251.98534,266.02887,453.53214,141.07735,128.31378,79.73184,86.27783,64.4727,66.252174,116.171776,128.8576,167.01752,18.648893,60.197674,103.145164,68.85902,98.81176,91.26938,737.9853,112.101746,106.56704,77.09904,1070.149,85.16791,105.64168,112.72232,196.75372,90.757385,283.1557,80.02527,271.81213,167.51132,223.56271,245.31563,506.30322,365.8547,600.00214,634.0218,591.60944,572.2764,502.90244,466.77103,437.11432,638.5814,342.65063,110.37376,164.16838,507.14642,106.120995,95.826614,142.77968,144.93108,98.0616,93.21841,227.7004,109.70377,505.13574,372.35696,524.3874,233.9436,396.3528,377.98108,608.15,432.8871
130.25713,125.33472,126.488914,128.1467,129.30003,130.11267,122.60729,123.44465,126.848274,122.31898,282.9672,513.0841,309.53558,363.773,327.337,304.8083,316.71075,286.20758,446.3387,324.38702,385.89093,499.53476,316.28912,352.57248,805.9121,515.1145,771.54193,792.58636,1030.1917,571.5733,691.4373,108.920784,503.48688,233.15878,556.386,183.55272,254.6959,272.47958,503.16116,159.10495,118.12798,112.71007,121.328636,97.12543,95.70599,108.06747,106.88151,203.08224,80.82261,78.75306,116.70769,118.38172,123.27795,118.18251,744.70056,124.08846,147.59238,113.60547,1050.7668,118.345245,153.05267,161.8085,244.17677,138.42651,335.7329,118.01904,338.24078,221.01889,255.76488,311.74396,509.5804,354.77054,599.59814,630.89984,585.79535,568.6183,497.49384,451.19342,433.06873,635.71826,388.87164,126.42734,209.9171,539.7699,138.00941,142.76027,176.8225,175.21828,130.84506,130.57408,269.78696,164.47678,553.69446,438.8886,571.20544,237.44073,433.9275,442.7178,664.5607,450.5414
57.12935,37.514404,51.766968,39.744762,56.07688,40.322968,47.879364,31.714066,37.25298,33.180157,211.77623,472.00034,222.05989,320.2259,272.3557,262.9463,245.04857,197.0258,405.49927,246.78856,386.3871,510.65967,274.72406,349.67847,814.22833,526.6026,780.16626,803.71497,1042.086,582.64417,732.6636,176.33966,604.8546,274.9824,589.2398,158.61606,283.07184,275.94965,512.90753,108.94469,62.261517,20.179605,19.643211,71.26889,100.48984,55.532852,72.67756,233.4523,82.036896,117.74627,27.586252,78.282,23.319885,35.579304,816.88104,34.97915,118.702614,44.26539,990.7373,20.082705,145.53903,98.60842,221.49748,145.78406,346.86047,39.808395,349.36804,232.14348,234.63187,322.87134,448.33722,304.28043,589.0992,614.1784,588.6438,551.9655,469.4065,393.25336,414.48654,610.8664,357.46915,38.764175,185.99106,470.61606,29.067465,38.604675,96.24871,105.68525,28.603071,23.58999,201.86151,60.936127,509.4897,448.7011,578.9744,268.61624,418.05423,453.845,681.12964,449.08447
130.96352,113.054085,124.50251,113.52859,130.80664,113.850624,121.75192,103.048416,110.915405,106.00768,265.64108,527.42773,279.0139,385.6149,336.3917,316.64133,307.45392,256.24268,447.0918,312.75952,309.57626,433.85144,226.01875,286.10568,740.0349,466.0406,705.56885,726.9037,965.27606,505.96185,725.08936,177.27028,593.0042,276.29843,582.72943,154.49152,274.72852,282.68887,498.93756,119.60629,129.16034,80.89227,68.52877,106.04098,132.68277,116.093605,135.0832,175.96686,78.017555,121.648094,97.95934,4.8619614,96.55712,72.21665,796.9767,109.85881,45.851997,42.012257,1003.97284,66.36828,69.12927,72.13081,151.17632,71.51772,270.04922,50.41871,272.55698,155.3325,162.98946,246.06035,507.1432,366.0075,601.3548,635.0714,593.3448,573.43616,504.8692,410.52466,436.35544,640.4747,293.77136,111.65003,124.29675,505.03,96.529305,82.47138,89.055565,93.72366,85.408516,84.87445,163.28854,83.2241,453.46832,373.13013,502.16403,215.3945,343.6513,377.03406,606.0681,394.87006
23.831959,25.254997,26.48865,28.180683,22.54835,33.502914,25.443632,32.21008,31.313086,27.529514,212.64052,473.38025,228.87854,310.94727,271.13312,263.9031,250.83043,205.70845,406.1832,236.62329,421.54675,545.8202,301.0028,378.4797,847.35583,557.21735,813.62427,838.8735,1076.6619,617.80286,735.7009,182.75014,609.32275,278.1692,592.38794,169.87064,284.36023,278.42847,520.3609,110.88361,36.64556,38.18599,53.147205,75.680664,101.24736,34.029755,47.074898,266.47467,103.862686,126.09052,28.775139,113.25789,21.39642,50.125286,824.77844,24.578957,152.47647,77.50223,983.6672,53.233727,180.70435,123.46342,253.66252,180.93169,382.01978,74.25415,384.5274,267.30264,268.02734,358.02982,441.91895,298.91995,590.2275,615.4832,589.91797,553.20123,470.3879,386.576,415.78275,611.9167,392.33932,25.487284,220.79655,495.55045,41.81451,62.742775,124.02349,133.48045,42.42421,41.064514,229.94356,68.36919,542.41046,483.17007,614.1345,300.1967,451.68713,489.0063,714.8669,479.35608
48.292107,43.422325,43.47163,46.000862,48.42809,44.89838,43.698215,44.60872,44.809925,42.501812,221.72577,483.78625,236.68127,330.57797,286.84647,272.7174,266.7178,214.45297,411.74445,257.8044,396.80246,521.0763,276.6591,355.40576,825.79395,537.45984,790.626,814.1296,1051.9025,593.08453,725.3429,170.48212,599.2893,277.63873,590.1774,154.49416,282.79175,276.0811,513.82043,107.68717,54.98326,46.376606,39.956608,73.27388,109.634674,54.541847,67.14423,240.36162,91.50952,118.07414,26.48616,87.21395,38.387085,26.992224,818.2103,42.227116,126.46564,53.8004,988.61597,42.87342,156.094,119.819305,234.78577,156.35628,357.2746,52.50596,359.78244,242.58751,244.59729,333.286,460.09723,317.35577,588.831,613.9593,588.4129,551.5886,471.9181,390.39502,414.09192,613.7573,368.01498,41.695923,195.67809,491.94397,50.643906,63.616283,107.94006,118.22705,49.787205,47.110565,210.17436,78.19043,518.8324,458.4267,589.38824,271.68018,427.27808,464.26,690.3969,454.041
949.348,941.5307,945.90704,940.52686,949.64935,941.701,944.8469,938.1027,940.7026,939.1572,824.3857,885.3798,829.8558,744.66174,768.77783,764.09827,805.4112,838.8866,804.21344,814.2006,803.6536,603.28894,856.9096,798.2707,492.91736,560.0503,515.48157,382.94498,415.37085,571.46484,875.02875,853.23914,888.2617,952.2895,894.30133,888.4179,863.69366,923.3208,897.35046,911.62854,930.69,925.0145,936.4,883.9414,852.48724,925.03076,918.50354,779.44806,861.0554,837.4345,939.1765,913.5025,939.74316,933.1483,325.54996,940.8872,902.9724,922.0779,695.5103,930.6054,880.5174,908.4214,873.26117,866.87695,806.21747,927.7613,784.7042,836.487,875.1327,789.5501,891.2247,762.70264,946.2356,959.1575,918.8783,912.8598,868.63794,1204.4502,811.86365,959.29095,736.3001,943.4219,822.8825,909.0837,956.0193,922.95874,938.1333,925.12463,947.3854,940.2644,1010.4432,945.3121,742.9084,730.73706,715.36707,834.8332,806.2008,756.3938,591.31964,760.449
11.842803,24.528437,19.77927,27.105236,10.953475,30.99921,18.367514,35.04414,30.817337,28.540174,212.8523,473.65298,233.49423,311.19345,271.34875,264.12555,256.92172,211.54031,406.52835,236.8376,431.8628,556.13525,305.71213,388.7561,857.7208,566.6423,823.98315,849.1897,1086.982,628.11847,736.6619,181.81464,609.1673,276.8518,592.11664,174.53656,286.67892,278.92023,521.3687,117.73439,27.596823,47.8371,61.85332,75.51043,101.68743,29.62517,38.204735,272.32394,112.67181,125.47146,28.473629,122.34547,29.372042,57.05741,826.1876,18.547112,160.62927,86.344345,982.2591,61.97357,191.0072,134.68706,263.97784,191.247,392.335,84.16001,394.8425,277.61807,276.1496,368.346,442.21036,298.83313,590.497,615.75464,590.17017,553.35315,470.5819,384.93356,415.955,612.2485,402.1577,25.913355,230.93654,504.73685,47.26839,72.93085,132.93011,142.3817,50.414375,48.216366,238.85036,72.29135,553.05286,493.76105,624.44855,304.10986,461.0956,499.32056,724.71844,481.1921
172.17772,153.73068,164.03366,154.26602,172.40012,154.07143,163.44666,143.6741,150.84828,147.59424,300.73935,561.3179,313.34363,420.03497,370.65192,351.39008,341.19095,290.37634,477.76117,346.59457,267.4156,391.69034,198.66057,251.10289,699.3782,436.45297,664.72345,684.7429,923.11426,463.88196,719.4955,186.23111,585.8673,293.584,578.69727,160.8922,282.29645,302.87167,489.45288,133.56618,168.57991,121.48822,108.34597,138.20279,165.18587,157.71753,169.89977,165.13376,109.71635,152.32721,139.73308,43.645657,138.24176,113.65952,784.8974,151.57182,15.263708,83.631775,1011.437,108.12183,39.41151,71.708855,112.67649,46.955074,227.88893,90.22912,230.73956,113.22242,128.91867,203.89958,537.5286,398.37234,636.04974,664.25775,599.7638,604.34686,534.75146,422.0549,469.12762,666.6626,275.07907,150.72307,122.81928,530.8477,135.5228,117.73041,123.952034,128.30008,126.365005,123.6726,166.21658,110.372925,424.09293,331.63257,460.00287,189.99474,305.4642,334.874,567.49945,366.45178
80.458496,65.62745,74.30134,69.88944,79.37343,70.8541,69.17055,60.391857,66.788895,60.130363,231.96042,494.7462,244.57336,346.92593,301.2396,281.47134,274.0353,221.79349,418.6224,275.0524,367.26807,491.54327,263.05475,337.28235,796.58844,508.81305,762.4038,784.59515,1022.9675,563.52515,728.9623,165.1574,592.0428,269.1218,587.09076,148.26237,281.85995,277.53452,511.29947,114.496635,79.10372,48.054493,40.34856,84.07919,108.026115,72.47731,88.6867,205.37651,77.55289,108.1572,44.72058,59.628727,54.162632,44.496525,806.83966,60.445824,96.888435,28.620232,996.75165,35.26966,126.568085,95.59198,205.98921,126.828094,327.74185,35.023235,330.24887,213.02461,210.11024,303.7526,471.7439,332.93253,587.28046,613.5616,586.8426,550.78735,477.88815,400.28888,413.2753,618.03094,338.6204,64.06319,166.79572,485.186,62.92717,63.12995,94.54038,102.66592,48.632015,53.204662,189.16805,75.438,499.84644,430.19827,559.8545,236.08809,395.59195,434.72485,659.33997,425.8632
989.24316,996.8588,992.7385,998.53546,989.12494,997.18994,993.3773,999.9766,997.6871,999.4624,876.66846,958.7135,862.5771,891.6185,861.8662,877.0753,863.5869,878.5618,894.0561,869.5847,871.17236,743.4042,895.8102,871.4039,512.56464,727.4953,561.27386,450.3502,287.86737,671.4215,872.4499,1034.358,1043.9576,1031.1006,877.00446,954.8368,989.7704,983.6076,1109.9391,1006.1181,1002.3599,1007.2363,993.9949,1047.8267,1078.2727,1008.46936,1014.5695,998.24976,1066.6609,1084.0289,990.3056,1008.51056,990.3033,994.9898,955.13995,989.2238,1012.7915,1004.40894,9.176645,997.863,1036.0194,1016.7068,1009.9592,1053.129,910.62463,1005.7079,903.0517,1013.0863,977.6455,935.19415,927.5633,861.49744,1012.2878,1040.7427,1002.29443,994.88086,949.858,786.13184,905.73846,1037.5847,909.9358,990.8878,975.5501,918.9204,977.5356,986.8305,945.5923,944.7024,985.1003,991.229,888.683,990.1105,778.0823,809.4844,781.14404,945.24615,867.71967,822.9987,653.6974,764.6089
59.525196,45.227573,53.47262,49.25215,58.45494,50.53853,48.140137,42.14828,47.37106,40.92556,213.15982,475.95135,226.53809,328.94446,282.28638,262.94354,257.38736,204.96666,405.24777,256.05017,387.44067,511.71448,275.288,353.00885,815.7843,526.56714,781.6751,804.76855,1043.14,583.6973,731.35034,170.67499,598.27454,272.2732,589.0796,155.9614,283.4467,277.85886,514.8434,112.29973,63.547485,34.413162,26.752834,75.88015,102.65966,56.902683,73.081314,226.40181,83.7008,115.27316,23.804998,79.3225,34.8685,39.70296,814.2509,40.439632,116.956,42.899654,991.4959,21.487091,146.68158,103.96889,223.77675,146.9153,347.91437,42.04949,350.42114,233.1971,230.8064,323.92432,456.4059,314.27924,588.8064,613.8476,588.2968,551.4907,468.91617,394.3015,414.0197,610.59326,358.44366,44.922085,186.71382,476.31235,44.151806,50.135395,97.75239,107.62707,35.637302,35.84997,203.68552,73.445244,512.3102,449.97125,580.02814,257.5019,416.09644,454.89917,679.79767,443.31207
334.90747,316.38385,326.14072,316.60474,335.0468,316.4232,325.67386,306.46506,313.35248,310.0593,422.2781,672.9678,432.64584,536.97314,488.312,471.28,459.4592,407.4964,581.76495,462.00916,145.68997,233.74559,146.26593,129.93362,546.6758,353.1001,514.2752,525.6656,765.16223,305.18295,686.3956,236.14783,557.28827,319.3404,551.3319,254.4809,298.67838,339.26282,496.1616,249.08104,330.86224,283.6574,270.1397,267.76898,268.72528,319.75714,332.37027,144.3081,219.69785,255.08345,302.34927,206.00975,301.01382,276.5347,704.1289,314.3786,169.43732,245.01819,978.5543,269.80978,136.83063,198.86945,73.518135,136.7615,88.47218,245.01765,106.42566,75.82184,94.76803,57.972473,657.4758,516.2346,757.86615,772.9267,716.7779,716.3082,645.55237,561.3039,591.0291,766.96326,316.5086,312.94785,234.46884,638.17065,297.5216,269.65906,250.35864,253.79239,287.79306,285.69727,225.03748,264.3722,356.4629,170.68137,320.07687,129.82224,210.34552,174.16566,417.81863,290.52396
179.1679,166.10672,169.63925,169.16147,179.18147,169.1437,168.55035,159.15617,165.06143,160.65901,315.52066,576.43115,326.8329,427.85947,383.54004,365.6881,352.97684,301.59833,492.93552,355.29227,272.04233,396.3163,206.36464,265.54318,706.8793,436.09732,670.8849,689.37006,927.74207,468.33835,696.2584,138.93967,548.127,270.90045,571.9667,124.743614,280.241,299.53693,514.3113,138.75156,175.30089,140.1336,130.39487,161.56764,185.61877,164.45851,175.98117,150.97972,132.2363,174.02122,144.74998,93.1241,153.17186,137.51581,779.5245,162.78822,79.399994,116.731544,1021.0463,131.9281,84.64465,117.631035,124.90194,72.29643,229.56747,111.102776,233.40097,117.87803,135.02841,208.23035,547.3499,418.99286,666.1825,685.99084,628.6446,628.1999,558.02405,434.0147,495.13348,691.0819,305.9597,161.61153,165.65703,541.4967,152.78091,150.31812,153.76994,154.2322,144.15562,149.1162,199.71516,148.8251,442.7961,332.47653,460.62964,147.5488,307.63895,335.50125,571.12665,352.01245
427.96417,409.44,419.19824,409.6604,428.10327,409.47946,418.72946,399.5211,406.40808,403.1152,485.15866,731.67664,494.0121,597.4346,548.03174,532.26624,519.416,468.8924,636.95197,521.3848,85.94184,177.19173,152.74783,88.4107,458.31982,326.6577,421.84143,433.70288,696.30884,215.7715,666.56757,319.33603,544.20844,402.1872,571.00854,310.08932,340.61136,396.9637,535.90186,330.53497,423.91827,376.75574,363.6291,360.8249,358.42035,412.81198,425.42596,212.02888,314.8288,342.9013,395.7391,301.33475,394.07016,369.58917,669.1836,407.43384,265.94623,339.23508,881.53687,363.36575,232.6198,291.56958,163.20908,234.51468,41.76274,338.65634,71.256035,150.6997,152.09268,73.567055,713.4936,575.7775,815.7075,827.2877,775.6995,773.79156,704.3345,650.06055,652.17615,820.9217,339.61975,406.00342,300.05142,689.7142,390.57693,361.806,333.94485,326.68582,380.84857,378.75296,303.10974,357.42868,314.32962,75.343155,233.86664,165.24126,134.42564,88.60962,331.3431,251.44057
261.6589,243.13461,252.89221,243.35522,261.7974,243.17401,252.43463,233.21585,240.10315,236.80954,368.849,619.59985,377.89102,484.35953,435.25095,417.83807,407.12692,356.84467,535.62177,408.36542,207.32503,305.83453,177.10403,177.73611,616.73553,376.77774,581.65485,598.88794,837.2602,378.13843,689.6102,190.3809,572.59186,295.38956,556.09174,206.9043,266.83145,296.4217,464.40863,189.67548,257.6277,210.40761,196.88972,194.51996,201.00783,246.50684,259.12134,136.11475,146.44905,187.39552,229.0996,132.76036,227.76428,203.28473,731.9669,241.12901,101.03519,171.8076,1027.3018,196.57808,67.39714,127.36636,88.11775,75.09751,146.8569,171.76848,174.17879,78.18232,121.33931,116.080124,606.3877,463.4215,704.113,724.7442,661.7719,668.3651,592.0548,500.85553,538.2051,718.89465,309.0631,239.69833,182.1284,590.9146,224.27216,196.73225,195.26141,199.76147,214.54323,212.44794,210.30464,191.23444,383.40408,241.49051,387.79382,173.41719,278.19672,245.22192,492.94714,346.1709
228.61589,210.10553,219.85931,210.31226,228.7546,210.13078,219.38066,200.17258,207.06012,203.76659,339.95593,599.31854,352.79938,458.8473,409.1107,390.10394,379.8955,328.48035,512.4384,385.7419,214.60355,339.11084,163.44734,201.89755,649.2253,438.92157,614.1592,631.9312,870.7873,411.3102,717.53986,211.7758,588.42084,336.42917,577.9762,203.22726,314.50363,340.47937,504.0551,173.01369,225.75209,183.49841,163.84671,208.35555,235.43855,220.82559,239.48102,176.49376,179.21114,221.98483,196.05666,108.00981,194.72179,170.2415,786.7127,208.08633,79.081726,142.94615,999.45276,163.54074,79.021835,114.15812,64.07702,91.66451,171.07668,141.3924,179.10551,80.90823,79.67895,149.4903,580.47363,437.80182,679.21643,699.1607,643.60046,643.1901,574.7131,471.5398,508.95425,701.116,287.50635,206.66902,176.11224,582.77295,191.54837,168.43129,167.07945,171.02336,181.51157,179.4186,141.59529,159.35846,387.3119,274.50992,403.19113,157.96777,249.40698,278.0621,510.85303,319.74762
97.95025,79.991066,91.46042,79.57138,97.64526,80.20656,89.19681,69.89318,77.47828,72.24029,231.43071,493.9555,245.38646,352.59564,303.43555,283.34082,275.0233,223.22104,417.11185,280.14743,346.6087,470.88345,248.62535,316.19418,775.6397,495.04187,741.42236,763.9365,1002.3077,542.9105,723.3235,166.75558,594.12256,269.18295,582.5004,141.7652,275.0571,269.83478,499.83447,110.443344,95.96518,48.058117,34.239235,77.54141,100.72629,86.124245,104.80731,202.98575,70.38081,109.165085,64.8967,42.803226,63.749393,39.771034,807.378,77.0703,84.77935,15.089987,1004.6057,34.995003,101.8505,72.21652,180.6621,102.09352,303.08133,11.329083,305.5894,188.3764,195.44081,279.09283,482.10876,339.37894,589.3098,614.79834,588.8557,552.704,477.5467,407.54495,415.6127,617.9506,320.56732,78.24564,149.29333,479.07565,61.999897,57.671783,79.45455,89.583115,53.654087,54.351322,169.35928,58.186913,474.61945,405.46124,535.1962,235.08249,377.4305,410.06818,640.2387,418.2852
418.67975,400.1556,409.9142,400.37674,418.81912,400.19504,409.4446,390.23676,397.12476,393.8316,479.13028,730.9047,489.09326,592.3768,544.5848,526.76794,515.28723,462.6659,636.8665,520.3058,83.92916,181.35434,173.64304,108.13955,464.98856,329.87512,429.05267,442.59122,700.5207,223.65915,676.8827,310.73807,528.02295,376.93945,547.1212,290.80994,341.5927,387.88586,537.3726,323.89737,414.63364,367.42902,353.91125,351.54117,348.10974,403.5286,416.14294,194.69827,303.4705,332.14163,386.12082,289.78134,384.7864,360.306,660.6968,398.15045,253.38387,328.78873,895.0345,353.58194,222.23701,282.37207,160.5732,220.31903,74.21155,328.79037,40.39323,134.52165,150.09767,81.29601,707.20404,573.3801,809.21515,819.1833,773.946,765.3634,700.78876,632.33594,646.0816,822.1338,332.86978,396.7199,292.7843,685.05316,381.29324,354.93106,323.8055,315.22397,371.56427,369.4684,296.44968,348.14474,355.08054,90.797104,243.01854,135.04022,127.380745,96.70428,327.28308,236.06337
154.02946,139.02718,146.4027,139.36761,154.56488,139.58086,144.65869,128.40839,135.24127,132.13043,286.50888,548.8033,298.83453,403.07285,355.3906,334.49124,327.58673,275.82483,466.1084,330.41574,293.3134,417.58728,208.625,263.00934,725.43646,462.0392,691.30475,710.6406,949.01196,489.6121,732.8857,169.0598,596.8453,278.20975,573.0482,172.14813,268.66824,273.18127,483.38254,109.81289,150.03944,109.0671,96.21531,132.75531,160.18268,142.13681,153.45723,164.18396,115.142075,144.02066,121.043816,55.32623,123.68987,101.29908,784.5462,133.1503,55.41351,75.18735,1010.67285,95.47296,65.943596,65.436676,136.25232,85.709465,249.78656,76.98415,257.86517,146.55609,131.1592,225.79758,527.3385,384.45334,636.26776,665.30524,613.9815,599.7858,527.4497,422.78165,464.64084,659.2656,300.60367,134.67075,142.12248,520.6101,123.30866,111.03808,117.353966,126.886215,111.94431,106.44925,175.05931,102.914604,421.20233,351.84857,481.90125,201.458,317.20996,356.7719,580.8383,364.20477
305.121,286.5963,296.354,286.81735,305.25882,286.63666,295.88608,276.6778,283.5646,280.27127,398.81857,650.722,408.79294,515.59247,465.26984,447.8438,435.41797,385.43826,563.274,439.44257,138.09846,274.57718,139.78961,148.14178,573.70447,403.43103,538.75433,555.6785,799.0087,335.895,706.0705,255.45015,575.6087,356.22275,575.5796,227.60326,332.5577,372.06082,515.4512,216.84183,301.0744,253.8692,240.35164,265.78125,292.86444,289.969,302.58313,172.66054,236.56668,279.22324,272.5613,176.22217,271.22614,246.74693,760.3348,284.59106,139.60962,215.23009,1001.5933,240.02214,124.47035,169.43895,54.071995,137.91682,103.82701,215.23026,123.85663,86.85661,58.996468,88.93842,637.44116,491.90808,735.7946,751.49365,694.302,694.309,624.23535,537.1441,567.3496,751.2588,294.4482,283.15964,211.42537,618.8314,267.73444,240.15001,226.15657,230.37373,258.00507,255.9098,195.08145,234.5849,353.94675,200.60948,326.6861,131.11333,188.30284,201.55682,446.23062,290.07126
281.60703,262.93375,273.059,263.939,281.9451,263.7551,272.28925,252.95117,260.1237,257.26563,384.65613,637.2438,395.23758,501.50833,450.31357,433.6869,421.90845,372.05023,549.4922,425.6702,178.3454,287.27722,164.22575,160.81123,598.5213,381.29257,563.25464,580.3009,818.84644,359.70013,690.6682,197.2996,561.48364,310.2547,557.93945,219.25041,280.38184,316.96838,485.4313,200.74413,277.6063,231.30022,217.63026,216.37907,233.24512,266.97205,279.04468,135.36798,177.01234,216.61711,249.12155,152.24657,247.82594,223.03484,728.72626,260.99704,115.609276,191.3324,1024.2385,216.2551,89.84294,150.543,60.783245,87.65851,119.8382,193.45877,151.11533,51.904778,90.25516,101.071205,621.75055,478.3119,721.36,737.27563,680.8325,682.33954,613.7914,514.56506,553.91284,737.44666,305.61804,260.0073,200.4021,606.6275,245.89046,216.88211,212.48288,216.11302,235.14384,232.3666,201.97325,214.0327,381.5038,223.85667,358.5501,140.22589,241.53589,226.43256,464.8865,318.4454
665.9897,665.6816,665.9924,665.6991,665.8228,665.75446,666.0458,665.5063,665.89197,665.6463,526.56586,385.10233,534.12933,513.217,487.02945,495.33734,521.7158,544.805,448.09784,519.9884,910.2147,966.0795,836.4154,901.6989,1079.1263,949.5216,1049.882,1066.742,1121.9955,995.7158,1009.6757,774.4032,1015.8531,815.0026,886.3953,772.7858,800.51416,812.48395,960.30054,731.8259,667.1663,665.6976,674.7674,685.4742,686.2376,666.4436,666.2088,834.4134,711.2367,702.05615,670.89294,722.1687,667.4641,682.6177,1065.0509,667.6952,749.9098,695.5494,1095.2928,677.4809,770.224,735.97375,822.07446,773.4844,890.0201,692.9703,897.9411,832.81525,816.2819,878.2512,407.1771,472.82407,373.92694,353.43112,381.27347,364.36563,404.5039,827.17236,436.9218,336.89978,711.80786,666.37006,677.7817,494.84717,666.6147,671.54517,661.6326,654.8919,673.0293,671.82385,746.15625,705.4525,925.18243,940.9727,989.3256,858.5957,918.6676,944.3768,1012.75726,933.86566
329.24863,329.11258,329.09225,329.4536,329.25,329.5613,329.0796,329.30762,329.09122,328.9899,208.29161,289.6262,221.30405,177.77989,160.88225,175.78613,200.12973,232.61035,227.30057,191.05446,608.2978,680.725,522.90686,575.7757,793.54047,678.69006,780.14197,797.0741,920.4348,715.6251,774.7306,453.13354,741.558,515.7177,634.7295,466.6801,513.9137,500.71246,648.58795,401.5968,330.56076,343.08603,354.04086,360.71585,365.1744,330.11417,330.36908,516.7049,394.76395,381.7863,344.23984,404.18668,330.94305,358.30197,787.54974,331.1653,431.46118,375.25232,858.262,356.11734,452.182,406.0354,503.42456,456.68915,581.5203,375.23117,590.3522,517.94336,503.5382,571.9231,272.45154,143.60126,384.49426,408.57727,386.16647,341.93555,259.07925,631.2235,222.40436,403.13666,405.20752,330.57358,355.10416,388.08337,332.60226,338.6164,333.54486,334.2361,338.00906,338.89752,461.93503,370.45993,624.25507,647.7942,705.0697,543.62305,620.22003,649.64874,744.48175,623.79425
590.73425,590.4364,590.46136,590.25226,590.73816,590.2246,590.4315,589.97296,590.2158,590.1656,411.24738,264.16766,430.3942,368.76822,380.39038,374.5803,422.40735,443.80865,307.97964,439.62823,818.3966,890.0363,756.90314,800.47327,997.723,891.8412,986.7262,1001.649,1035.5918,923.18665,942.2738,666.69446,920.17224,738.82367,865.4798,695.8777,747.25757,750.0026,837.8575,655.6012,592.0166,590.17957,589.5314,588.93665,588.1087,591.74426,592.16986,727.98157,589.6474,584.57086,591.76917,596.5479,592.12836,590.24097,940.0235,592.3692,631.27014,588.2834,1018.4295,590.30585,651.28973,635.84393,713.7801,652.2423,790.614,591.984,796.0422,718.3437,722.5702,780.3626,312.5765,367.7892,99.768684,176.80272,144.60742,185.97913,238.67236,778.14044,240.36705,222.65654,604.5017,590.3987,548.3963,469.26517,590.54834,579.67523,557.3064,545.354,589.3326,591.7792,607.2429,608.78845,849.4206,858.12427,913.62823,756.7179,837.7066,858.8556,959.3332,846.3932
341.9887,341.79156,341.8119,341.72748,342.00024,341.66882,341.8262,341.47736,341.65878,341.6285,162.55354,224.00087,183.06224,153.3239,133.4343,127.32039,176.98796,199.59436,161.53497,194.7474,612.3646,690.397,533.20685,586.87366,805.7614,694.65985,795.4114,812.6573,931.2306,726.238,748.9518,439.45602,721.28534,526.1389,662.477,467.00992,524.91656,525.4238,651.7901,418.6081,343.03726,341.78888,340.99695,352.71347,349.93018,342.79388,342.8581,518.1154,377.78516,368.98618,343.1408,391.1739,343.48953,350.65643,780.2731,343.73447,424.3928,359.73355,854.2139,342.04578,446.82553,411.89023,502.25342,447.84805,587.0478,356.72067,593.8023,513.58673,509.09946,577.2257,254.555,119.63793,297.31973,322.08163,298.39737,256.2104,196.35945,609.23517,133.74832,322.6549,404.7648,341.96454,346.00018,393.80463,342.27374,345.2726,317.60547,313.63712,345.05823,347.02652,411.66107,378.48523,636.31573,654.2107,713.9528,543.6998,627.6088,655.1092,758.0217,639.13885
147.66829,147.4719,147.55545,148.41945,147.6707,149.21944,147.55946,149.15706,147.49503,147.33742,137.4973,349.96738,170.59631,185.88852,162.84721,148.10776,176.60661,148.59123,297.42984,164.58038,466.1485,547.47284,373.0448,433.40146,808.39215,540.1795,767.8784,791.5625,1028.7179,585.6958,674.58203,267.44907,558.8903,342.6657,531.4421,286.31503,353.56824,342.88098,502.07755,240.72525,148.68214,165.41934,178.00345,188.57668,189.91571,148.36458,148.26706,359.81717,223.57578,210.6197,163.65466,236.82552,150.10202,183.72034,713.7115,149.44577,269.64734,203.52219,943.6318,180.49129,295.3129,249.73499,352.64944,295.68854,441.1046,201.56139,443.3933,362.58627,358.8639,428.749,349.15787,179.8814,455.7752,479.22717,455.5973,419.54477,342.33704,498.83762,284.54825,481.05023,345.51865,148.823,196.58669,457.27353,152.50238,168.87231,179.35463,175.31377,161.00882,165.78662,321.18875,202.50427,501.77832,509.09723,575.0657,382.057,480.04623,510.32346,670.1838,475.3985
522.0622,521.8378,522.41364,520.8709,522.2335,519.2531,527.07336,524.7515,520.92224,523.24786,592.9346,692.92737,596.42004,670.2702,627.504,628.837,616.6844,588.7036,677.7555,612.0397,861.4279,974.0235,748.5287,820.3637,1205.8374,985.3974,1185.5481,1207.4545,1200.0923,1040.2087,1111.9098,673.1229,1038.856,742.5839,991.8997,627.5153,742.9132,730.1437,955.67255,598.9842,533.07544,537.5652,551.5747,571.60144,601.31934,538.1793,546.3068,750.4087,597.20557,628.6613,536.1324,609.2249,529.1101,552.49023,1222.2771,525.2503,646.65826,576.91266,1056.3362,555.119,673.93463,618.00366,735.81836,674.8756,848.1207,572.57007,829.9442,749.8031,752.55066,828.74725,669.45044,638.2664,743.54755,749.4515,744.24634,722.6551,680.12933,497.4882,673.02057,734.3217,785.68036,521.19763,657.8783,629.773,530.58954,556.34357,586.7256,591.6931,540.86255,541.5238,658.78076,561.56354,961.8268,918.21155,1034.3068,761.433,889.8027,922.11914,1121.5435,910.4402
419.16714,418.77914,418.9738,418.74805,419.16376,418.67453,418.96347,418.47018,418.68497,418.60547,240.49367,202.78632,256.47546,242.03625,211.5828,204.68279,253.64078,260.78668,146.68048,271.9098,668.4271,741.0669,606.76605,657.48175,853.8725,736.6706,855.28186,859.11523,904.59314,775.602,834.1177,516.0726,787.86926,570.64923,697.13544,534.3484,602.65686,604.14307,736.6651,490.30795,420.38824,418.55322,417.9604,425.8284,421.01227,420.09525,420.4247,573.2483,444.64664,438.5395,420.23477,458.4768,420.54996,422.38434,846.96564,420.84192,489.6347,429.2518,908.7989,418.86533,512.6642,480.98856,563.7484,509.9802,648.22894,428.37207,645.5552,570.2817,575.5305,633.25226,223.65002,204.49617,267.2094,291.88467,269.58026,214.58345,157.6485,664.58563,118.69999,302.29156,467.4483,418.867,411.43762,343.21768,419.43216,421.41678,388.18777,386.48267,420.2895,423.54126,477.12997,452.50507,713.62787,707.4245,765.1001,596.2217,682.82196,708.71655,806.94086,696.7697
403.01727,410.86838,406.74277,411.9067,404.04993,411.13358,407.4691,413.64005,411.66034,412.89206,525.52344,726.5528,535.3883,646.4359,582.37225,578.97314,558.96246,517.9083,677.54486,558.87775,678.2838,788.4886,558.0304,631.8776,1071.6594,798.96655,1039.4246,1067.2535,1002.35767,857.57086,902.12354,498.5108,882.4006,538.33203,797.9443,465.41278,559.6324,547.38226,821.1528,438.67493,418.7433,423.64493,412.66666,461.03912,488.73724,424.52942,430.12234,543.8996,479.7647,498.999,411.06552,432.3142,410.8284,416.12683,1156.6648,409.53568,445.15146,425.56168,807.57715,418.3582,472.1102,444.98254,530.1582,479.88882,649.6146,427.1419,645.87274,540.1719,545.9961,617.94336,708.1044,603.349,782.62683,803.4873,797.08466,758.33813,705.21185,94.012474,658.4397,798.24634,664.4253,407.21912,524.93335,706.88324,396.22495,426.6113,417.802,428.4126,403.42584,408.05524,437.48938,414.57074,797.9815,732.4377,862.23267,558.2878,707.8379,740.1449,946.8805,710.87366
327.89493,327.71332,327.70584,327.82983,327.8951,327.75916,327.69647,327.5223,327.6835,327.59985,151.12088,229.41553,169.63939,156.01625,121.93516,114.79292,166.0807,187.45181,161.30412,184.97917,588.164,670.18915,515.0979,567.3063,789.92487,669.84973,778.76996,795.20514,925.06305,706.952,749.53357,425.3703,713.48566,512.45953,651.6774,447.14618,514.6172,510.43164,643.8539,398.97556,328.93903,327.90228,326.97775,332.16962,325.85895,328.69067,328.7439,493.741,350.88577,343.17126,328.96655,363.45084,329.3922,328.3983,778.2974,329.71945,397.3219,332.31476,846.1097,328.0547,418.3624,387.70538,478.42114,421.00937,563.196,333.394,568.5563,488.2322,484.59314,551.43524,256.21017,120.55424,296.59323,321.3353,298.27637,258.57935,185.47975,591.5553,130.84334,322.37747,381.39175,327.62814,322.32925,393.85056,327.87003,329.6786,295.0495,295.198,327.71182,331.56293,377.36865,357.61627,622.2184,632.615,693.09344,522.1665,605.41907,632.74243,740.39813,622.0473
643.9469,643.4779,643.5024,643.60205,643.95715,643.58826,643.7412,643.301,643.36115,643.3164,471.5059,302.85028,480.44702,464.7275,442.34244,431.7654,476.13922,504.99454,369.8864,480.55072,862.3965,927.04376,790.36725,835.36633,1029.6555,921.7036,1006.04236,1022.7735,1071.2927,957.43604,996.0421,724.3344,999.043,787.1703,906.4523,754.6974,794.05206,789.2842,898.6885,698.9728,645.5925,643.1267,643.1647,649.68677,649.96063,645.17804,646.0557,786.88586,670.6234,663.7763,644.67896,680.0554,645.4866,649.016,1023.2321,645.709,707.69666,655.8369,1046.4843,644.14185,719.1785,685.3795,774.2239,724.81305,833.2142,655.4991,846.6467,780.4834,774.45654,828.7025,370.8965,438.85223,273.307,273.92303,279.1041,293.73337,308.84357,803.9733,343.74335,237.62762,669.90955,643.71155,628.77075,473.53778,643.89307,641.0682,616.62384,615.4146,645.5475,645.714,692.11224,668.5933,860.24445,897.8825,946.15204,810.6796,882.5624,899.7202,984.1516,881.97327
407.12854,389.7374,399.3167,389.31094,407.12805,388.51776,398.831,379.9471,386.23026,383.703,319.8495,564.7628,326.70117,429.90942,378.01575,366.78543,362.85754,313.12723,481.50183,354.6793,315.85416,383.496,298.8201,327.674,511.14923,424.39276,466.50287,506.43634,752.6146,394.16882,671.6257,393.3377,648.85834,469.5503,533.2232,371.0212,463.03607,447.30524,618.4386,360.83926,404.06586,361.48996,349.43643,372.26227,404.17657,395.03467,405.1946,349.5364,352.52637,392.90598,382.74847,298.43814,379.21536,358.09406,670.16864,392.43994,289.39203,328.3325,878.60156,351.08438,284.8952,305.64224,297.13507,302.15417,306.201,334.14554,331.45157,314.1971,285.78073,317.68607,537.8383,407.58444,640.4891,667.1462,610.6102,604.9714,540.619,646.14636,481.4246,651.66016,226.32513,386.75113,225.26413,533.5845,372.58157,347.12857,319.95447,309.40295,363.1914,361.37943,374.12018,348.50473,318.31207,350.56097,352.47946,362.05975,325.7636,337.18805,407.18372,337.5527
26.466402,13.059231,20.859377,19.248264,25.254114,22.758476,18.220356,19.094883,17.543947,13.783673,215.06773,475.7903,225.31557,314.92484,274.5059,266.1862,251.28488,201.10483,408.22083,240.90773,416.38712,540.661,293.33054,374.9187,842.92664,553.7767,810.125,833.7147,1071.7971,612.6447,736.7643,180.55779,610.0426,278.58902,592.7435,169.68579,287.0327,279.02853,518.74963,112.584625,38.383717,31.930397,46.030464,72.642235,102.23522,35.980335,48.695236,257.76663,95.882545,122.577034,28.926239,107.991356,17.11536,50.308662,824.66516,14.68961,147.15567,72.46129,987.73334,48.8066,175.54393,123.2055,248.50815,175.77272,376.86157,68.81251,379.36932,262.14386,262.49094,352.87064,441.57257,298.53595,588.1354,613.3955,587.8164,551.0709,468.50995,385.92328,413.60846,609.96954,382.90747,8.869755,211.53625,488.96954,34.965744,55.792713,117.15588,126.58036,35.69074,33.290165,226.89345,69.42642,536.8456,478.08768,608.9753,292.85104,446.7689,483.84827,710.23535,471.2538
239.164,220.79637,230.51231,220.97568,239.31404,220.78091,230.07376,210.94215,217.77045,214.53908,269.91583,524.9323,282.2768,386.74936,338.91684,319.9702,309.4945,260.77588,442.02658,312.1036,250.85188,344.6891,216.99811,245.44896,649.78046,381.6246,613.8696,634.16077,870.3584,415.7442,679.31305,233.34341,548.34576,301.22562,544.5033,210.58083,310.72186,307.31396,452.39465,208.55939,236.95715,190.31947,176.98093,193.55443,220.73235,225.99507,238.3934,192.93283,165.22537,207.75104,210.97803,118.01073,209.53163,185.01039,723.0363,222.72475,112.30445,154.16554,995.94586,178.65213,100.46678,137.16371,149.89409,109.23567,226.5837,160.04019,237.3334,163.82423,179.93457,214.52534,499.14572,361.43832,595.0275,615.86163,563.82874,564.1797,492.0669,496.46765,432.03928,614.9648,243.83557,217.45866,84.74496,489.98944,202.06429,175.70988,143.92625,135.64117,192.44478,190.57864,242.227,180.00124,381.14487,297.41354,411.86804,216.93372,284.8467,295.51343,524.37616,329.07922
256.4399,238.99655,248.38503,238.92809,256.5754,238.2814,247.91756,229.65297,235.8646,233.3027,152.95313,383.43405,143.28952,242.84782,198.38635,176.59598,157.85541,154.04306,310.23935,174.99792,445.97705,524.4512,395.66577,427.65906,663.8441,518.9361,632.278,655.0545,884.609,558.7689,642.1965,340.02588,618.9936,414.974,558.1397,308.15445,419.56125,411.15604,576.0524,275.32635,257.54248,217.83261,219.64467,241.51028,269.84875,253.61949,270.74634,356.39987,225.43832,267.48895,234.88022,232.98987,228.52022,223.40524,709.1581,240.0205,266.2918,214.73604,905.77795,216.97038,288.08444,269.3853,345.53104,288.24124,430.30307,217.67606,422.70465,347.95792,356.08832,413.95557,358.05795,218.14015,440.58844,469.81134,453.6178,422.24792,357.21176,572.06726,294.3215,495.62772,243.90022,235.59012,192.419,372.97217,236.29875,216.16832,221.89555,213.48584,227.7733,226.11926,342.27344,249.20897,509.33124,488.13232,544.1358,379.9566,462.38968,488.03696,589.3592,489.33734
52.048405,43.846745,49.685226,45.964184,52.6331,44.287605,47.738777,36.622208,41.687866,38.71494,215.86653,476.96286,226.00983,317.48828,274.84427,267.05783,248.00623,201.05031,408.3956,243.38037,395.18875,519.462,279.24976,355.80475,822.7773,536.3949,788.7732,812.515,1050.8871,591.4525,743.94086,183.74445,616.075,280.7049,595.3893,166.17409,288.02756,280.23645,524.0473,117.97465,69.12267,34.35359,26.032803,85.48736,116.40276,64.97586,82.29413,238.49068,95.4031,129.03639,38.520996,87.09783,29.184008,44.4025,830.84015,40.25213,125.259834,52.36519,977.6508,29.160799,154.33612,107.36553,229.68411,154.68272,355.66147,50.88754,358.1684,240.9443,240.60577,331.67203,443.50903,299.49335,588.4334,613.54645,588.0065,551.6321,469.39267,377.21054,413.33948,610.08466,361.9313,38.61223,191.2331,476.8008,15.284292,38.31125,87.7414,97.46962,17.476198,20.604786,196.35655,56.77587,517.1207,457.25238,587.77563,276.57303,425.0199,462.64853,688.4785,454.0793
75.37111,57.463455,67.540054,57.216255,75.326645,57.26509,66.0204,47.154743,54.2965,50.494537,229.36388,486.74762,237.61519,332.66147,289.56415,282.58188,263.86105,217.0663,415.26022,254.08244,377.17343,500.41986,265.39355,337.4266,799.82086,521.40497,766.30273,791.0698,1026.7062,570.7278,729.6731,189.27245,616.9471,280.83783,588.2234,163.83513,281.01025,271.518,505.8566,116.68226,77.376686,43.767384,36.283173,83.5191,115.627075,71.93643,90.749115,233.4957,92.37124,130.84886,58.428703,79.47312,45.458942,49.87517,818.7177,58.72784,118.47975,50.977745,986.5348,37.10001,140.519,95.482254,211.57994,142.11703,337.21024,48.864037,342.3952,225.94989,232.80344,313.67035,457.04706,311.2303,588.7969,616.38043,588.03864,555.15155,474.34204,401.8537,418.8935,613.8393,344.6772,55.894825,174.87885,471.39362,40.273853,25.486244,96.0541,109.276184,40.377884,34.889282,202.54994,57.736813,495.60556,438.56946,568.1733,275.88004,413.88004,444.03723,675.81696,449.5536
138.45238,127.67307,133.27838,129.59634,138.48807,128.0909,133.44244,120.967735,125.48797,124.05396,193.74388,460.18396,212.5384,327.72546,268.37833,248.50978,241.56145,190.93124,383.06314,245.05984,344.78278,467.34143,249.04689,311.7971,769.0148,491.7464,735.4092,758.31476,994.6545,539.0712,720.48126,222.49406,600.68567,275.91882,581.54034,181.99107,298.20636,270.36038,513.4664,167.68478,152.52934,110.61434,84.03047,144.29227,166.5209,147.63954,166.23564,223.33412,139.64789,175.27324,115.51578,91.75211,113.90465,97.7579,820.8302,126.09637,128.42093,84.62215,940.26294,90.52639,147.95041,126.45169,207.87099,149.26555,306.41336,84.65884,309.49673,215.95476,216.70976,285.65384,440.94632,296.4758,555.23224,575.49084,555.1502,519.0881,437.8863,398.43628,378.15866,579.4455,317.37164,120.408455,148.36467,482.32718,92.955414,93.92005,19.79495,34.246704,92.45835,99.64239,158.22916,111.96774,469.84372,406.72668,535.7864,251.74384,378.78693,411.56992,638.90985,414.9628
187.57054,176.83372,182.36171,178.76595,187.60188,177.31511,182.53212,170.2002,174.71153,173.22714,179.5448,440.60672,195.03891,304.64893,248.59668,232.31038,222.90747,172.52019,361.8847,227.61528,345.21008,428.923,280.2773,325.67554,722.7074,451.00104,690.6996,710.4096,947.6684,492.88257,694.6826,257.1999,569.95807,314.74423,546.38184,227.17577,335.50458,310.48105,502.48193,207.87413,201.49246,159.92104,133.71027,184.66272,211.33763,196.62221,215.07487,251.36017,166.51811,201.73752,164.49065,121.5281,163.21559,143.96918,769.4777,175.3058,158.11969,122.40446,928.5485,140.16039,176.35054,162.85583,238.17778,176.89394,319.81168,126.65099,322.62698,242.45929,245.58218,307.64923,419.12787,276.1079,509.19983,541.85925,511.61636,474.3818,414.74335,450.94928,345.17984,550.5058,274.0796,169.69942,104.790504,459.40448,142.18294,137.70723,75.925186,67.87127,139.35895,146.44978,192.67961,149.75687,433.00998,388.74512,489.80392,282.94418,363.2652,388.69272,593.58875,379.3485
49.036537,38.389214,46.372414,39.80098,48.12258,39.3285,43.852337,31.828993,36.811222,33.47243,215.30162,476.4552,225.58076,314.9025,274.33777,266.58548,247.87415,200.59404,408.30682,241.04614,398.62933,522.90234,281.92285,358.67822,825.8309,539.01013,791.88416,815.9569,1054.143,594.8859,740.39185,186.0039,616.46204,282.1916,595.62616,165.20822,289.14157,279.2288,524.247,116.54483,65.09495,32.767025,29.295265,82.70154,113.39403,58.43815,76.812164,243.30022,94.86581,130.9661,36.391407,90.9804,23.909853,45.199688,832.785,35.37767,130.59755,57.09745,978.3119,34.33675,157.77498,108.82195,232.16646,158.01456,359.10324,52.26468,361.61038,244.38574,246.5373,335.1133,441.45425,298.5185,587.7772,613.1559,587.48816,550.7867,468.7117,378.16156,412.96823,610.3453,365.40475,34.510006,194.16025,477.10367,11.782693,36.850586,90.863525,100.53794,16.45926,20.526764,199.79721,57.095467,520.6259,460.6444,591.2166,281.55258,430.15775,466.08875,693.4515,458.8906
55.70474,40.60755,50.027992,41.124996,56.18313,40.8709,49.39571,33.999847,38.529472,35.11184,220.95705,479.68784,231.28702,323.91083,280.81693,272.6218,254.18854,206.8454,413.09048,248.82205,384.79596,509.07047,272.85565,346.1758,812.1992,527.44824,778.2272,802.12317,1040.4576,581.0528,732.4101,182.97423,612.53864,280.7886,592.41174,160.51663,289.129,278.84882,514.3853,117.75464,66.010025,28.210672,20.801659,76.43988,107.80156,61.05593,79.24131,235.2337,87.23131,124.47988,36.509865,79.61041,26.852173,40.09779,823.15704,40.961082,119.650826,50.194798,990.0895,28.516361,144.24037,98.163956,218.82478,145.12611,345.27002,44.25125,348.15558,230.77385,238.39641,321.28082,447.68036,304.36826,590.0829,615.8688,588.1797,554.0888,470.33542,387.86697,416.17026,612.55316,352.158,37.519314,181.11545,471.5105,21.656372,32.14299,94.24448,104.15915,22.498613,16.894287,201.79442,54.85458,508.12683,446.89935,577.384,273.81152,419.32776,452.25323,682.5353,450.9813
300.08344,289.18893,294.82486,291.14276,300.1214,289.61496,294.99817,282.39163,286.98703,285.52176,325.62738,595.1107,346.4113,494.31125,407.01498,391.70047,384.1424,326.5188,500.3711,396.00568,275.06903,414.8224,216.22118,283.73456,665.57355,524.06915,630.47845,678.73303,930.84375,472.90378,749.8574,320.09268,647.75696,421.77704,643.7169,274.90262,402.71832,397.89203,607.2936,291.18787,312.20184,269.95245,243.08354,295.93094,321.9146,307.2576,325.95135,312.19595,278.8569,316.37155,272.68567,218.21016,271.26013,251.47592,875.7951,283.54147,214.93054,230.09534,897.6958,247.62361,225.43304,245.88301,194.7885,235.20769,254.46864,227.83568,257.28693,221.12273,191.69017,257.18863,584.4613,447.68063,643.1011,670.3183,648.49414,606.80927,552.74725,459.6794,471.7935,677.1408,377.24554,281.82983,289.01373,654.72656,253.89677,252.08336,192.10805,199.57324,251.03445,257.98538,98.28176,249.20638,403.13437,332.4163,430.79364,247.32027,291.7886,328.3035,530.1143,353.5908
125.96552,108.60845,119.99729,108.36121,125.73254,108.96568,119.15636,99.61544,105.936935,102.80217,261.82074,523.08344,275.18387,380.05292,331.48087,313.05612,302.77396,251.81833,443.89575,307.21622,323.48254,447.75742,229.66563,289.56824,753.98193,478.44086,719.606,740.811,979.1817,519.83307,718.04736,158.67886,590.85693,271.95508,584.2022,143.51756,265.41296,265.0691,487.18494,108.14646,120.86493,79.13599,67.414856,97.43852,133.27707,115.028404,126.17482,181.74669,82.51883,119.78869,97.06207,24.643768,94.1974,70.128746,796.8594,107.95719,62.89859,45.571533,1010.80084,67.97112,79.493614,68.53078,161.27486,79.6613,279.95593,45.389824,282.463,165.24327,171.53693,255.96683,504.97037,364.68002,605.31384,637.7301,595.3894,576.3446,506.3687,416.2625,439.6901,642.0515,301.56,104.94734,129.60817,500.4807,93.5712,80.59084,95.45145,99.9083,83.11574,81.348656,172.83102,70.548836,450.76257,379.1062,510.0706,218.4248,350.53506,384.9414,612.47955,400.47342
760.2752,741.68604,751.55133,742.28,760.4997,742.0909,751.0057,731.7421,738.64685,735.6435,646.0921,878.1145,648.50385,745.91516,698.24384,683.3726,669.5835,633.9391,771.8764,674.7487,339.28146,382.2855,468.88184,410.7968,232.73402,433.57974,179.16035,287.27762,569.9623,318.03845,768.73663,676.2177,831.4548,751.6403,683.8796,608.50354,688.50336,713.1152,888.9465,659.63745,756.24817,709.5039,695.82465,707.1092,733.9766,745.34235,757.7265,579.2824,677.60065,718.93555,727.8481,631.17896,726.33765,701.81635,690.19684,739.71124,594.5256,670.2205,717.3776,695.06854,566.3199,625.93823,495.81522,579.732,395.6719,671.4335,402.049,503.79474,479.27798,447.4186,845.0629,727.6887,952.903,959.2911,926.7563,908.44116,855.5002,967.5153,802.1084,958.6566,404.38248,738.4701,554.0551,803.17236,723.6078,691.9474,664.41394,653.2735,713.4575,711.05206,613.4563,689.6564,262.3623,338.6362,162.19208,479.99146,295.12842,301.9414,124.00005,295.53714
331.10034,320.457,321.44077,325.39352,331.16092,325.85266,321.22232,315.203,320.94858,316.36456,426.506,685.64795,439.3441,528.67566,490.6797,475.15463,457.26877,407.32947,596.1578,461.9972,211.27397,275.3366,233.79207,220.22165,583.43286,362.8267,534.1774,555.1422,793.86566,334.32553,643.9738,261.679,497.1564,331.2787,521.5196,177.81494,298.59885,338.15564,605.01636,258.25656,327.09695,299.44583,291.4821,311.16498,333.02692,315.90424,327.3139,224.35382,282.99127,314.05618,295.56616,251.89008,309.29727,287.37167,698.7002,316.9537,226.45332,274.7482,873.69824,289.06708,230.16727,280.41812,209.45741,217.06525,228.72176,274.29156,166.43803,177.43858,205.85635,210.06163,653.7418,523.2385,777.6636,776.4992,754.82556,728.8436,673.8831,526.65405,608.27936,806.6744,354.97043,316.07867,289.46738,626.5676,311.52493,302.05313,270.22302,260.84885,307.38803,306.57965,283.15253,322.95053,449.75116,234.39075,324.4033,123.82859,218.01546,233.57727,421.9274,260.31082
462.6171,444.09164,453.849,444.31357,462.7537,444.1315,453.3818,434.17358,441.05997,437.76712,499.86874,738.51263,507.4388,611.8291,560.7156,545.159,533.5556,483.8428,651.1729,534.5329,63.538006,231.29544,201.88593,163.27124,425.68353,358.815,387.8624,446.4239,730.1037,254.52983,718.98175,385.6362,598.3818,463.76868,621.98804,333.0464,425.25745,460.7334,597.8608,363.2135,458.5701,411.36484,397.84753,414.9125,441.99554,447.46478,460.07867,288.69922,385.6968,428.3536,430.05765,333.71793,428.7221,404.2421,710.0079,442.08704,297.10568,372.72626,879.4515,397.51834,271.9399,325.66577,191.28078,286.83902,116.231926,372.7252,143.89,210.07048,182.40585,148.75009,732.9866,588.5303,830.30334,840.5931,782.7056,785.83716,717.7669,680.2998,664.00745,834.3808,326.0291,440.65518,310.1569,706.8879,425.2301,394.52112,367.7697,356.4357,415.50076,413.40546,324.83612,390.08047,266.41507,120.044426,178.08435,198.51045,94.50166,90.214165,315.06113,242.78043
426.50635,409.72974,418.45712,411.40927,426.96765,411.11685,416.3811,400.3626,407.18765,403.96802,486.08502,742.3276,497.32083,597.1788,552.27057,531.3978,520.90326,468.70145,643.83795,526.1051,112.14747,192.9595,206.45775,134.55833,474.67416,333.29257,436.24176,451.937,711.64734,236.43617,696.81647,307.6372,530.6246,372.9318,543.6807,296.902,330.07196,377.04736,564.76794,323.77335,422.24417,379.92548,367.49002,369.05267,365.7109,413.36813,423.4002,197.86874,321.36304,334.99875,393.1221,307.1357,395.10416,371.39728,647.03656,405.10037,269.45584,340.82587,867.018,364.2136,258.6099,313.06952,202.45322,246.23764,112.41448,345.62094,74.351524,169.30179,149.73572,122.814896,710.2489,576.053,822.725,829.0577,789.93567,773.62195,716.0835,638.20685,654.81726,837.0375,347.87003,406.06738,312.35367,685.4371,395.19583,371.49948,339.4489,327.7676,382.48447,378.01273,322.97305,369.6292,360.9241,106.49908,241.81026,133.54024,118.35909,106.02137,310.9175,212.31291
465.22208,447.5403,457.11096,448.7897,465.70132,448.54703,455.49927,437.7734,444.77786,441.7411,502.90958,755.33685,514.30334,613.6075,566.524,547.85626,537.00793,485.34125,655.9716,544.6921,90.77107,221.65933,215.61479,174.95192,427.82428,360.5713,391.6315,461.34262,741.02997,258.84628,745.69696,391.21445,599.4661,468.12277,612.71545,330.1895,412.76563,460.32608,623.04016,363.79282,461.08395,416.73767,404.3866,426.8994,453.19385,451.4624,462.37833,297.3816,398.06744,435.2617,432.2876,342.14584,432.59042,406.62097,685.8754,444.21194,299.46768,375.672,875.51666,400.18488,299.6449,345.6341,227.66434,306.5679,145.88477,382.06082,136.37018,235.06421,186.2764,192.81181,727.379,592.1699,834.1231,841.03656,805.83496,787.8867,732.07587,686.9193,669.8692,846.64557,334.30988,444.16946,327.0452,700.3237,432.085,406.1542,377.63455,365.28372,420.29056,416.09683,345.09186,402.9932,304.6443,106.10912,169.3147,196.27808,14.3505,71.11835,267.978,189.3461
500.57486,482.0513,491.808,482.27158,500.7148,482.08823,491.34207,472.13235,479.0183,475.7266,529.9303,774.8052,538.5631,640.79785,592.4112,576.0734,563.6958,512.7818,679.4014,565.67084,62.688656,162.38745,210.69131,135.42383,389.04788,308.26706,352.70953,397.82162,681.5004,197.21846,697.20386,389.94733,575.9692,458.54648,590.47504,343.2017,401.6589,453.89743,595.38306,400.92737,496.5291,449.32303,435.80637,433.4351,438.65033,485.424,498.0379,285.35385,385.36526,425.0068,468.01385,371.67694,466.68094,442.20114,651.94763,480.04657,335.0633,410.68442,830.8487,435.4769,302.20972,363.2359,229.3044,301.97043,101.71381,410.6853,104.36852,215.59917,220.12114,144.17255,755.4586,620.20886,856.963,864.24524,818.0294,811.32947,746.9116,712.91547,695.09564,864.47876,349.4144,478.61542,341.1888,726.9333,463.18884,434.15515,405.34714,393.62512,453.45865,451.36346,367.5824,428.03815,301.602,48.171036,150.152,205.586,66.04807,12.873186,262.6013,210.15862
463.31116,453.8647,454.62103,457.5704,463.12314,459.89188,456.18185,450.10217,455.11105,450.12036,486.07013,720.1084,494.46786,583.2346,546.2682,536.2893,512.63934,468.90823,650.9744,510.1258,296.8923,360.25787,373.98868,355.06247,430.92938,384.64508,401.4322,460.5837,708.4243,356.22037,607.2532,439.26843,595.8405,498.78723,579.35846,290.3621,481.48724,459.97223,689.5741,427.17734,459.7596,434.29477,427.37827,450.25464,458.80472,446.15762,460.56396,402.33032,425.9234,466.8547,432.3799,393.80518,443.71844,427.6444,779.58044,452.94296,377.4774,416.44272,742.5493,428.2834,363.03622,421.50656,321.56415,365.71234,348.09726,408.80273,313.0289,329.27783,373.53506,353.81808,702.1538,580.204,828.647,839.92206,798.1491,785.6939,720.20654,652.1335,665.5966,855.8854,387.96637,451.83966,349.62924,683.24426,442.6642,427.46463,406.20694,388.07883,443.60092,443.26315,408.80273,444.791,439.89426,314.58627,313.29913,306.2488,318.033,297.72223,387.66425,319.66513
520.0802,507.87054,513.8731,508.04883,519.99817,509.3791,514.0578,501.2591,505.97983,503.46082,517.90106,735.27704,524.3523,621.487,571.6189,559.5723,539.8318,500.7183,669.8321,540.36487,281.26077,337.45963,342.77765,297.5017,415.6183,356.05927,394.81284,430.67053,668.18335,307.2439,680.8675,470.3275,665.56714,536.949,585.44257,361.81265,467.9573,480.36142,691.4431,427.14618,515.82965,485.7734,476.8948,475.1967,506.42368,508.46402,517.2023,446.3268,466.05096,507.16202,498.3477,437.37698,496.1872,478.82742,739.70276,508.37613,417.88303,461.32108,727.63245,477.17422,391.9166,429.15582,344.07007,401.7761,303.33484,457.8025,317.9494,358.4242,360.14108,332.0112,722.48737,598.56256,844.25964,853.7645,817.74207,810.66077,746.7728,724.7505,688.62213,855.8427,389.63315,505.4679,373.90112,718.3539,493.85553,467.80676,454.81686,444.5996,491.40512,491.2813,443.19,470.7724,324.67535,285.0951,250.92749,373.09442,286.22418,268.37305,322.46567,351.2593
